-- MySQL dump 10.13  Distrib 8.0.34, for Linux (x86_64)
--
-- Host: localhost    Database: registration
-- ------------------------------------------------------
-- Server version	8.0.34-0ubuntu0.20.04.1

/*!40101 SET @OLD_CHARACTER_SET_CLIENT=@@CHARACTER_SET_CLIENT */;
/*!40101 SET @OLD_CHARACTER_SET_RESULTS=@@CHARACTER_SET_RESULTS */;
/*!40101 SET @OLD_COLLATION_CONNECTION=@@COLLATION_CONNECTION */;
/*!50503 SET NAMES utf8mb4 */;
/*!40103 SET @OLD_TIME_ZONE=@@TIME_ZONE */;
/*!40103 SET TIME_ZONE='+00:00' */;
/*!40014 SET @OLD_UNIQUE_CHECKS=@@UNIQUE_CHECKS, UNIQUE_CHECKS=0 */;
/*!40014 SET @OLD_FOREIGN_KEY_CHECKS=@@FOREIGN_KEY_CHECKS, FOREIGN_KEY_CHECKS=0 */;
/*!40101 SET @OLD_SQL_MODE=@@SQL_MODE, SQL_MODE='NO_AUTO_VALUE_ON_ZERO' */;
/*!40111 SET @OLD_SQL_NOTES=@@SQL_NOTES, SQL_NOTES=0 */;

--
-- Table structure for table `authorization`
--

DROP TABLE IF EXISTS `authorization`;
/*!40101 SET @saved_cs_client     = @@character_set_client */;
/*!50503 SET character_set_client = utf8mb4 */;
CREATE TABLE `authorization` (
  `id` int NOT NULL AUTO_INCREMENT,
  `function_id` int NOT NULL,
  `user_id` int NOT NULL,
  `view` tinyint(1) NOT NULL DEFAULT '0',
  `edit` double NOT NULL DEFAULT '0',
  `remove` double NOT NULL DEFAULT '0',
  PRIMARY KEY (`id`)
) ENGINE=InnoDB DEFAULT CHARSET=utf8mb4 COLLATE=utf8mb4_unicode_ci;
/*!40101 SET character_set_client = @saved_cs_client */;

--
-- Dumping data for table `authorization`
--

LOCK TABLES `authorization` WRITE;
/*!40000 ALTER TABLE `authorization` DISABLE KEYS */;
/*!40000 ALTER TABLE `authorization` ENABLE KEYS */;
UNLOCK TABLES;

--
-- Table structure for table `bills`
--

DROP TABLE IF EXISTS `bills`;
/*!40101 SET @saved_cs_client     = @@character_set_client */;
/*!50503 SET character_set_client = utf8mb4 */;
CREATE TABLE `bills` (
  `id` int NOT NULL AUTO_INCREMENT,
  `fee` int NOT NULL,
  `fee_type_id` int DEFAULT NULL,
  `registry_id` int NOT NULL,
  `create_at` timestamp NULL DEFAULT CURRENT_TIMESTAMP,
  `update_at` timestamp NULL DEFAULT CURRENT_TIMESTAMP ON UPDATE CURRENT_TIMESTAMP,
  PRIMARY KEY (`id`),
  KEY `fk_bill_1_idx` (`fee_type_id`),
  KEY `fk_bill_2_idx` (`registry_id`),
  CONSTRAINT `fk_bill_2` FOREIGN KEY (`registry_id`) REFERENCES `registry_managements` (`id`),
  CONSTRAINT `fk_bills_1` FOREIGN KEY (`fee_type_id`) REFERENCES `fee_types` (`id`)
) ENGINE=InnoDB AUTO_INCREMENT=896 DEFAULT CHARSET=utf8mb4 COLLATE=utf8mb4_0900_ai_ci;
/*!40101 SET character_set_client = @saved_cs_client */;

--
-- Dumping data for table `bills`
--

LOCK TABLES `bills` WRITE;
/*!40000 ALTER TABLE `bills` DISABLE KEYS */;
INSERT INTO `bills` VALUES (225,320000,1,56,'2022-08-23 09:31:10','2022-08-23 09:31:10'),(226,0,2,56,'2022-08-23 09:31:10','2022-08-23 09:31:10'),(227,180000,3,56,'2022-08-23 09:31:10','2022-08-23 09:31:10'),(228,50000,4,56,'2022-08-23 09:31:10','2022-08-23 09:31:10'),(233,240000,1,57,'2022-08-24 07:36:02','2022-08-24 07:36:02'),(234,100000,2,57,'2022-08-24 07:36:02','2022-08-24 07:36:02'),(235,130000,3,57,'2022-08-24 07:36:02','2022-08-24 07:36:02'),(236,100000,4,57,'2022-08-24 07:36:02','2022-08-24 07:36:02'),(241,240000,1,58,'2022-08-24 07:41:02','2022-08-24 07:41:02'),(242,0,2,58,'2022-08-24 07:41:02','2022-08-24 07:41:02'),(243,130000,3,58,'2022-08-24 07:41:02','2022-08-24 07:41:02'),(244,100000,4,58,'2022-08-24 07:41:02','2022-08-24 07:41:02'),(245,240000,1,59,'2022-08-24 07:43:01','2022-08-24 07:43:01'),(246,0,2,59,'2022-08-24 07:43:01','2022-08-24 07:43:01'),(247,180000,3,59,'2022-08-24 07:43:01','2022-08-24 07:43:01'),(248,100000,4,59,'2022-08-24 07:43:01','2022-08-24 07:43:01'),(261,280000,1,62,'2022-08-25 03:38:28','2022-08-25 03:38:28'),(262,0,2,62,'2022-08-25 03:38:28','2022-08-25 03:38:28'),(263,180000,3,62,'2022-08-25 03:38:28','2022-08-25 03:38:28'),(264,50000,4,62,'2022-08-25 03:38:28','2022-08-25 03:38:28'),(265,320000,1,64,'2022-08-26 15:38:28','2022-08-26 15:38:28'),(266,0,2,64,'2022-08-26 15:38:28','2022-08-26 15:38:28'),(267,180000,3,64,'2022-08-26 15:38:28','2022-08-26 15:38:28'),(268,50000,4,64,'2022-08-26 15:38:28','2022-08-26 15:38:28'),(269,280000,1,65,'2022-08-29 01:26:43','2022-08-29 01:26:43'),(270,0,2,65,'2022-08-29 01:26:43','2022-08-29 01:26:43'),(271,180000,3,65,'2022-08-29 01:26:43','2022-08-29 01:26:43'),(272,50000,4,65,'2022-08-29 01:26:43','2022-08-29 01:26:43'),(277,180000,1,66,'2022-08-29 01:29:28','2022-08-29 01:29:28'),(278,0,2,66,'2022-08-29 01:29:28','2022-08-29 01:29:28'),(279,180000,3,66,'2022-08-29 01:29:28','2022-08-29 01:29:28'),(280,50000,4,66,'2022-08-29 01:29:28','2022-08-29 01:29:28'),(309,280000,1,63,'2022-08-29 02:00:12','2022-08-29 02:00:12'),(310,100000,2,63,'2022-08-29 02:00:12','2022-08-29 02:00:12'),(311,270000,3,63,'2022-08-29 02:00:12','2022-08-29 02:00:12'),(312,50000,4,63,'2022-08-29 02:00:12','2022-08-29 02:00:12'),(313,560000,1,67,'2022-08-29 02:44:41','2022-08-29 02:44:41'),(314,100000,2,67,'2022-08-29 02:44:41','2022-08-29 02:44:41'),(315,720000,3,67,'2022-08-29 02:44:41','2022-08-29 02:44:41'),(316,50000,4,67,'2022-08-29 02:44:41','2022-08-29 02:44:41'),(321,560000,1,68,'2022-08-29 07:46:32','2022-08-29 07:46:32'),(322,0,2,68,'2022-08-29 07:46:32','2022-08-29 07:46:32'),(323,720000,3,68,'2022-08-29 07:46:32','2022-08-29 07:46:32'),(324,50000,4,68,'2022-08-29 07:46:32','2022-08-29 07:46:32'),(329,560000,1,69,'2022-08-30 13:57:08','2022-08-30 13:57:08'),(330,0,2,69,'2022-08-30 13:57:08','2022-08-30 13:57:08'),(331,720000,3,69,'2022-08-30 13:57:08','2022-08-30 13:57:08'),(332,50000,4,69,'2022-08-30 13:57:08','2022-08-30 13:57:08'),(333,280000,1,81,'2022-09-13 03:36:55','2022-09-13 03:36:55'),(334,0,2,81,'2022-09-13 03:36:55','2022-09-13 03:36:55'),(335,270000,3,81,'2022-09-13 03:36:55','2022-09-13 03:36:55'),(336,50000,4,81,'2022-09-13 03:36:55','2022-09-13 03:36:55'),(337,280000,1,82,'2022-09-13 03:37:04','2022-09-13 03:37:04'),(338,0,2,82,'2022-09-13 03:37:04','2022-09-13 03:37:04'),(339,180000,3,82,'2022-09-13 03:37:04','2022-09-13 03:37:04'),(340,50000,4,82,'2022-09-13 03:37:04','2022-09-13 03:37:04'),(341,560000,1,83,'2022-09-13 03:37:12','2022-09-13 03:37:12'),(342,0,2,83,'2022-09-13 03:37:12','2022-09-13 03:37:12'),(343,720000,3,83,'2022-09-13 03:37:12','2022-09-13 03:37:12'),(344,50000,4,83,'2022-09-13 03:37:12','2022-09-13 03:37:12'),(345,180000,1,84,'2022-09-13 03:37:19','2022-09-13 03:37:19'),(346,0,2,84,'2022-09-13 03:37:19','2022-09-13 03:37:19'),(347,180000,3,84,'2022-09-13 03:37:19','2022-09-13 03:37:19'),(348,50000,4,84,'2022-09-13 03:37:19','2022-09-13 03:37:19'),(349,240000,1,85,'2022-09-13 04:18:37','2022-09-13 04:18:37'),(350,0,2,85,'2022-09-13 04:18:37','2022-09-13 04:18:37'),(351,700000,3,85,'2022-09-13 04:18:37','2022-09-13 04:18:37'),(352,50000,4,85,'2022-09-13 04:18:37','2022-09-13 04:18:37'),(353,560000,1,86,'2022-09-13 04:20:14','2022-09-13 04:20:14'),(354,100000,2,86,'2022-09-13 04:20:14','2022-09-13 04:20:14'),(355,720000,3,86,'2022-09-13 04:20:14','2022-09-13 04:20:14'),(356,50000,4,86,'2022-09-13 04:20:14','2022-09-13 04:20:14'),(357,280000,1,87,'2022-09-13 04:24:28','2022-09-13 04:24:28'),(358,0,2,87,'2022-09-13 04:24:28','2022-09-13 04:24:28'),(359,180000,3,87,'2022-09-13 04:24:28','2022-09-13 04:24:28'),(360,50000,4,87,'2022-09-13 04:24:28','2022-09-13 04:24:28'),(361,320000,1,88,'2022-09-13 04:28:37','2022-09-13 04:28:37'),(362,100000,2,88,'2022-09-13 04:28:37','2022-09-13 04:28:37'),(363,1500000,3,88,'2022-09-13 04:28:37','2022-09-13 04:28:37'),(364,50000,4,88,'2022-09-13 04:28:37','2022-09-13 04:28:37'),(365,240000,1,89,'2022-09-13 04:38:03','2022-09-13 04:38:03'),(366,0,2,89,'2022-09-13 04:38:03','2022-09-13 04:38:03'),(367,700000,3,89,'2022-09-13 04:38:03','2022-09-13 04:38:03'),(368,50000,4,89,'2022-09-13 04:38:03','2022-09-13 04:38:03'),(369,240000,1,90,'2022-09-13 06:41:17','2022-09-13 06:41:17'),(370,0,2,90,'2022-09-13 06:41:17','2022-09-13 06:41:17'),(371,700000,3,90,'2022-09-13 06:41:17','2022-09-13 06:41:17'),(372,50000,4,90,'2022-09-13 06:41:17','2022-09-13 06:41:17'),(373,560000,1,91,'2022-09-13 06:43:47','2022-09-13 06:43:47'),(374,100000,2,91,'2022-09-13 06:43:47','2022-09-13 06:43:47'),(375,720000,3,91,'2022-09-13 06:43:47','2022-09-13 06:43:47'),(376,50000,4,91,'2022-09-13 06:43:47','2022-09-13 06:43:47'),(377,280000,1,92,'2022-09-13 07:08:25','2022-09-13 07:08:25'),(378,100000,2,92,'2022-09-13 07:08:25','2022-09-13 07:08:25'),(379,270000,3,92,'2022-09-13 07:08:25','2022-09-13 07:08:25'),(380,50000,4,92,'2022-09-13 07:08:25','2022-09-13 07:08:25'),(381,320000,1,93,'2022-09-13 07:15:53','2022-09-13 07:15:53'),(382,100000,2,93,'2022-09-13 07:15:53','2022-09-13 07:15:53'),(383,1500000,3,93,'2022-09-13 07:15:53','2022-09-13 07:15:53'),(384,50000,4,93,'2022-09-13 07:15:53','2022-09-13 07:15:53'),(385,320000,1,94,'2022-09-13 07:17:33','2022-09-13 07:17:33'),(386,0,2,94,'2022-09-13 07:17:33','2022-09-13 07:17:33'),(387,1500000,3,94,'2022-09-13 07:17:33','2022-09-13 07:17:33'),(388,50000,4,94,'2022-09-13 07:17:33','2022-09-13 07:17:33'),(389,350000,1,95,'2022-09-13 07:23:23','2022-09-13 07:23:23'),(390,100000,2,95,'2022-09-13 07:23:23','2022-09-13 07:23:23'),(391,720000,3,95,'2022-09-13 07:23:23','2022-09-13 07:23:23'),(392,50000,4,95,'2022-09-13 07:23:23','2022-09-13 07:23:23'),(393,320000,1,96,'2022-09-13 07:28:20','2022-09-13 07:28:20'),(394,100000,2,96,'2022-09-13 07:28:20','2022-09-13 07:28:20'),(395,1500000,3,96,'2022-09-13 07:28:20','2022-09-13 07:28:20'),(396,50000,4,96,'2022-09-13 07:28:20','2022-09-13 07:28:20'),(401,320000,1,98,'2022-09-13 09:05:14','2022-09-13 09:05:14'),(402,100000,2,98,'2022-09-13 09:05:14','2022-09-13 09:05:14'),(403,180000,3,98,'2022-09-13 09:05:14','2022-09-13 09:05:14'),(404,50000,4,98,'2022-09-13 09:05:14','2022-09-13 09:05:14'),(405,560000,1,99,'2022-09-14 01:23:33','2022-09-14 01:23:33'),(406,0,2,99,'2022-09-14 01:23:33','2022-09-14 01:23:33'),(407,720000,3,99,'2022-09-14 01:23:33','2022-09-14 01:23:33'),(408,50000,4,99,'2022-09-14 01:23:33','2022-09-14 01:23:33'),(409,280000,1,100,'2022-09-14 03:06:12','2022-09-14 03:06:12'),(410,0,2,100,'2022-09-14 03:06:12','2022-09-14 03:06:12'),(411,270000,3,100,'2022-09-14 03:06:12','2022-09-14 03:06:12'),(412,50000,4,100,'2022-09-14 03:06:12','2022-09-14 03:06:12'),(413,280000,1,101,'2022-09-14 03:07:29','2022-09-14 03:07:29'),(414,0,2,101,'2022-09-14 03:07:29','2022-09-14 03:07:29'),(415,180000,3,101,'2022-09-14 03:07:29','2022-09-14 03:07:29'),(416,50000,4,101,'2022-09-14 03:07:29','2022-09-14 03:07:29'),(417,240000,1,102,'2022-09-14 09:11:54','2022-09-14 09:11:54'),(418,100000,2,102,'2022-09-14 09:11:54','2022-09-14 09:11:54'),(419,180000,3,102,'2022-09-14 09:11:54','2022-09-14 09:11:54'),(420,100000,4,102,'2022-09-14 09:11:54','2022-09-14 09:11:54'),(421,350000,1,103,'2022-09-14 09:12:09','2022-09-14 09:12:09'),(422,100000,2,103,'2022-09-14 09:12:09','2022-09-14 09:12:09'),(423,180000,3,103,'2022-09-14 09:12:09','2022-09-14 09:12:09'),(424,50000,4,103,'2022-09-14 09:12:09','2022-09-14 09:12:09'),(429,180000,1,104,'2022-09-14 09:12:26','2022-09-14 09:12:26'),(430,0,2,104,'2022-09-14 09:12:26','2022-09-14 09:12:26'),(431,180000,3,104,'2022-09-14 09:12:26','2022-09-14 09:12:26'),(432,50000,4,104,'2022-09-14 09:12:26','2022-09-14 09:12:26'),(433,560000,1,105,'2022-09-15 01:19:45','2022-09-15 01:19:45'),(434,0,2,105,'2022-09-15 01:19:45','2022-09-15 01:19:45'),(435,720000,3,105,'2022-09-15 01:19:45','2022-09-15 01:19:45'),(436,50000,4,105,'2022-09-15 01:19:45','2022-09-15 01:19:45'),(441,240000,1,107,'2022-09-16 03:14:07','2022-09-16 03:14:07'),(442,0,2,107,'2022-09-16 03:14:07','2022-09-16 03:14:07'),(443,180000,3,107,'2022-09-16 03:14:07','2022-09-16 03:14:07'),(444,100000,4,107,'2022-09-16 03:14:07','2022-09-16 03:14:07'),(445,320000,1,108,'2022-09-16 03:35:53','2022-09-16 03:35:53'),(446,0,2,108,'2022-09-16 03:35:53','2022-09-16 03:35:53'),(447,1500000,3,108,'2022-09-16 03:35:53','2022-09-16 03:35:53'),(448,50000,4,108,'2022-09-16 03:35:53','2022-09-16 03:35:53'),(449,350000,1,109,'2022-09-16 03:39:01','2022-09-16 03:39:01'),(450,100000,2,109,'2022-09-16 03:39:01','2022-09-16 03:39:01'),(451,180000,3,109,'2022-09-16 03:39:01','2022-09-16 03:39:01'),(452,50000,4,109,'2022-09-16 03:39:01','2022-09-16 03:39:01'),(453,320000,1,110,'2022-09-16 09:14:26','2022-09-16 09:14:26'),(454,100000,2,110,'2022-09-16 09:14:26','2022-09-16 09:14:26'),(455,180000,3,110,'2022-09-16 09:14:26','2022-09-16 09:14:26'),(456,50000,4,110,'2022-09-16 09:14:26','2022-09-16 09:14:26'),(465,320000,1,111,'2022-09-16 09:37:55','2022-09-16 09:37:55'),(466,100000,2,111,'2022-09-16 09:37:55','2022-09-16 09:37:55'),(467,180000,3,111,'2022-09-16 09:37:55','2022-09-16 09:37:55'),(468,50000,4,111,'2022-09-16 09:37:55','2022-09-16 09:37:55'),(473,180000,1,113,'2022-09-19 08:47:24','2022-09-19 08:47:24'),(474,100000,2,113,'2022-09-19 08:47:24','2022-09-19 08:47:24'),(475,180000,3,113,'2022-09-19 08:47:24','2022-09-19 08:47:24'),(476,50000,4,113,'2022-09-19 08:47:24','2022-09-19 08:47:24'),(477,320000,1,114,'2022-09-19 09:20:42','2022-09-19 09:20:42'),(478,100000,2,114,'2022-09-19 09:20:42','2022-09-19 09:20:42'),(479,1500000,3,114,'2022-09-19 09:20:42','2022-09-19 09:20:42'),(480,50000,4,114,'2022-09-19 09:20:42','2022-09-19 09:20:42'),(481,280000,1,115,'2022-09-19 09:23:05','2022-09-19 09:23:05'),(482,0,2,115,'2022-09-19 09:23:05','2022-09-19 09:23:05'),(483,180000,3,115,'2022-09-19 09:23:05','2022-09-19 09:23:05'),(484,50000,4,115,'2022-09-19 09:23:05','2022-09-19 09:23:05'),(485,240000,1,116,'2022-09-19 09:27:58','2022-09-19 09:27:58'),(486,100000,2,116,'2022-09-19 09:27:58','2022-09-19 09:27:58'),(487,180000,3,116,'2022-09-19 09:27:58','2022-09-19 09:27:58'),(488,100000,4,116,'2022-09-19 09:27:58','2022-09-19 09:27:58'),(489,280000,1,117,'2022-09-19 09:34:05','2022-09-19 09:34:05'),(490,100000,2,117,'2022-09-19 09:34:05','2022-09-19 09:34:05'),(491,1500000,3,117,'2022-09-19 09:34:05','2022-09-19 09:34:05'),(492,50000,4,117,'2022-09-19 09:34:05','2022-09-19 09:34:05'),(493,280000,1,118,'2022-09-19 09:35:41','2022-09-19 09:35:41'),(494,100000,2,118,'2022-09-19 09:35:41','2022-09-19 09:35:41'),(495,1500000,3,118,'2022-09-19 09:35:41','2022-09-19 09:35:41'),(496,50000,4,118,'2022-09-19 09:35:41','2022-09-19 09:35:41'),(497,320000,1,119,'2022-09-19 14:12:27','2022-09-19 14:12:27'),(498,0,2,119,'2022-09-19 14:12:27','2022-09-19 14:12:27'),(499,1500000,3,119,'2022-09-19 14:12:27','2022-09-19 14:12:27'),(500,50000,4,119,'2022-09-19 14:12:27','2022-09-19 14:12:27'),(501,280000,1,121,'2022-09-20 03:35:26','2022-09-20 03:35:26'),(502,0,2,121,'2022-09-20 03:35:26','2022-09-20 03:35:26'),(503,270000,3,121,'2022-09-20 03:35:26','2022-09-20 03:35:26'),(504,50000,4,121,'2022-09-20 03:35:26','2022-09-20 03:35:26'),(505,560000,1,122,'2022-09-20 03:36:47','2022-09-20 03:36:47'),(506,0,2,122,'2022-09-20 03:36:47','2022-09-20 03:36:47'),(507,720000,3,122,'2022-09-20 03:36:47','2022-09-20 03:36:47'),(508,50000,4,122,'2022-09-20 03:36:47','2022-09-20 03:36:47'),(509,240000,1,123,'2022-09-20 03:40:29','2022-09-20 03:40:29'),(510,0,2,123,'2022-09-20 03:40:29','2022-09-20 03:40:29'),(511,180000,3,123,'2022-09-20 03:40:29','2022-09-20 03:40:29'),(512,100000,4,123,'2022-09-20 03:40:29','2022-09-20 03:40:29'),(513,240000,1,124,'2022-09-20 03:41:10','2022-09-20 03:41:10'),(514,0,2,124,'2022-09-20 03:41:10','2022-09-20 03:41:10'),(515,180000,3,124,'2022-09-20 03:41:10','2022-09-20 03:41:10'),(516,100000,4,124,'2022-09-20 03:41:10','2022-09-20 03:41:10'),(517,280000,1,127,'2022-09-22 08:52:57','2022-09-22 08:52:57'),(518,0,2,127,'2022-09-22 08:52:57','2022-09-22 08:52:57'),(519,180000,3,127,'2022-09-22 08:52:57','2022-09-22 08:52:57'),(520,50000,4,127,'2022-09-22 08:52:57','2022-09-22 08:52:57'),(521,240000,1,128,'2022-09-22 09:14:41','2022-09-22 09:14:41'),(522,0,2,128,'2022-09-22 09:14:41','2022-09-22 09:14:41'),(523,180000,3,128,'2022-09-22 09:14:41','2022-09-22 09:14:41'),(524,100000,4,128,'2022-09-22 09:14:41','2022-09-22 09:14:41'),(529,280000,1,131,'2022-09-27 01:54:28','2022-09-27 01:54:28'),(530,0,2,131,'2022-09-27 01:54:28','2022-09-27 01:54:28'),(531,270000,3,131,'2022-09-27 01:54:28','2022-09-27 01:54:28'),(532,50000,4,131,'2022-09-27 01:54:28','2022-09-27 01:54:28'),(533,180000,1,132,'2022-09-27 01:59:26','2022-09-27 01:59:26'),(534,0,2,132,'2022-09-27 01:59:26','2022-09-27 01:59:26'),(535,180000,3,132,'2022-09-27 01:59:26','2022-09-27 01:59:26'),(536,50000,4,132,'2022-09-27 01:59:26','2022-09-27 01:59:26'),(537,180000,1,133,'2022-09-27 02:01:03','2022-09-27 02:01:03'),(538,0,2,133,'2022-09-27 02:01:03','2022-09-27 02:01:03'),(539,180000,3,133,'2022-09-27 02:01:03','2022-09-27 02:01:03'),(540,50000,4,133,'2022-09-27 02:01:03','2022-09-27 02:01:03'),(541,240000,1,134,'2022-09-29 04:00:18','2022-09-29 04:00:18'),(542,0,2,134,'2022-09-29 04:00:18','2022-09-29 04:00:18'),(543,180000,3,134,'2022-09-29 04:00:18','2022-09-29 04:00:18'),(544,100000,4,134,'2022-09-29 04:00:18','2022-09-29 04:00:18'),(545,350000,1,135,'2022-09-29 08:03:38','2022-09-29 08:03:38'),(546,100000,2,135,'2022-09-29 08:03:38','2022-09-29 08:03:38'),(547,390000,3,135,'2022-09-29 08:03:38','2022-09-29 08:03:38'),(548,50000,4,135,'2022-09-29 08:03:38','2022-09-29 08:03:38'),(549,560000,1,136,'2022-09-30 03:17:07','2022-09-30 03:17:07'),(550,100000,2,136,'2022-09-30 03:17:07','2022-09-30 03:17:07'),(551,720000,3,136,'2022-09-30 03:17:07','2022-09-30 03:17:07'),(552,50000,4,136,'2022-09-30 03:17:07','2022-09-30 03:17:07'),(553,280000,1,138,'2022-10-04 07:35:09','2022-10-04 07:35:09'),(554,100000,2,138,'2022-10-04 07:35:09','2022-10-04 07:35:09'),(555,180000,3,138,'2022-10-04 07:35:09','2022-10-04 07:35:09'),(556,50000,4,138,'2022-10-04 07:35:09','2022-10-04 07:35:09'),(557,180000,1,139,'2022-10-05 08:51:27','2022-10-05 08:51:27'),(558,0,2,139,'2022-10-05 08:51:27','2022-10-05 08:51:27'),(559,180000,3,139,'2022-10-05 08:51:27','2022-10-05 08:51:27'),(560,50000,4,139,'2022-10-05 08:51:27','2022-10-05 08:51:27'),(565,280000,1,141,'2022-10-05 08:51:51','2022-10-05 08:51:51'),(566,0,2,141,'2022-10-05 08:51:51','2022-10-05 08:51:51'),(567,1500000,3,141,'2022-10-05 08:51:51','2022-10-05 08:51:51'),(568,50000,4,141,'2022-10-05 08:51:51','2022-10-05 08:51:51'),(573,560000,1,142,'2022-10-11 23:50:23','2022-10-11 23:50:23'),(574,100000,2,142,'2022-10-11 23:50:23','2022-10-11 23:50:23'),(575,720000,3,142,'2022-10-11 23:50:23','2022-10-11 23:50:23'),(576,50000,4,142,'2022-10-11 23:50:23','2022-10-11 23:50:23'),(577,350000,1,129,'2022-10-15 23:25:20','2022-10-15 23:25:20'),(578,100000,2,129,'2022-10-15 23:25:20','2022-10-15 23:25:20'),(579,180000,3,129,'2022-10-15 23:25:20','2022-10-15 23:25:20'),(580,50000,4,129,'2022-10-15 23:25:20','2022-10-15 23:25:20'),(581,280000,1,140,'2022-10-15 23:25:32','2022-10-15 23:25:32'),(582,0,2,140,'2022-10-15 23:25:32','2022-10-15 23:25:32'),(583,270000,3,140,'2022-10-15 23:25:32','2022-10-15 23:25:32'),(584,50000,4,140,'2022-10-15 23:25:32','2022-10-15 23:25:32'),(585,350000,1,143,'2022-10-18 09:35:24','2022-10-18 09:35:24'),(586,0,2,143,'2022-10-18 09:35:24','2022-10-18 09:35:24'),(587,180000,3,143,'2022-10-18 09:35:24','2022-10-18 09:35:24'),(588,50000,4,143,'2022-10-18 09:35:24','2022-10-18 09:35:24'),(589,100000,5,138,'2022-10-20 03:19:24','2022-10-20 03:19:24'),(590,250000,6,138,'2022-10-20 03:19:24','2022-10-20 03:19:24'),(591,100000,7,138,'2022-10-20 03:19:24','2022-10-20 03:19:24'),(592,560000,1,144,'2022-10-21 10:02:14','2022-10-21 10:02:14'),(593,0,2,144,'2022-10-21 10:02:14','2022-10-21 10:02:14'),(594,720000,3,144,'2022-10-21 10:02:14','2022-10-21 10:02:14'),(595,50000,4,144,'2022-10-21 10:02:14','2022-10-21 10:02:14'),(596,560000,1,145,'2022-10-21 10:03:53','2022-10-21 10:03:53'),(597,0,2,145,'2022-10-21 10:03:53','2022-10-21 10:03:53'),(598,720000,3,145,'2022-10-21 10:03:53','2022-10-21 10:03:53'),(599,50000,4,145,'2022-10-21 10:03:53','2022-10-21 10:03:53'),(600,180000,1,146,'2022-10-21 10:17:26','2022-10-21 10:17:26'),(601,0,2,146,'2022-10-21 10:17:26','2022-10-21 10:17:26'),(602,180000,3,146,'2022-10-21 10:17:26','2022-10-21 10:17:26'),(603,50000,4,146,'2022-10-21 10:17:26','2022-10-21 10:17:26'),(604,560000,1,147,'2022-10-24 01:59:42','2022-10-24 01:59:42'),(605,0,2,147,'2022-10-24 01:59:42','2022-10-24 01:59:42'),(606,720000,3,147,'2022-10-24 01:59:42','2022-10-24 01:59:42'),(607,50000,4,147,'2022-10-24 01:59:42','2022-10-24 01:59:42'),(608,560000,1,148,'2022-10-24 02:00:52','2022-10-24 02:00:52'),(609,0,2,148,'2022-10-24 02:00:52','2022-10-24 02:00:52'),(610,720000,3,148,'2022-10-24 02:00:52','2022-10-24 02:00:52'),(611,50000,4,148,'2022-10-24 02:00:52','2022-10-24 02:00:52'),(612,100000,5,71,'2022-10-26 08:15:52','2022-10-26 08:15:52'),(613,20000,6,71,'2022-10-26 08:15:52','2022-10-26 08:15:52'),(614,3000000,7,71,'2022-10-26 08:15:52','2022-10-26 08:15:52'),(615,560000,1,149,'2022-11-10 01:48:29','2022-11-10 01:48:29'),(616,0,2,149,'2022-11-10 01:48:29','2022-11-10 01:48:29'),(617,720000,3,149,'2022-11-10 01:48:29','2022-11-10 01:48:29'),(618,50000,4,149,'2022-11-10 01:48:29','2022-11-10 01:48:29'),(619,150000,5,146,'2022-11-22 01:40:05','2022-11-22 01:40:05'),(620,3659000,6,146,'2022-11-22 01:40:05','2022-11-22 01:40:05'),(621,100000,7,146,'2022-11-22 01:40:05','2022-11-22 01:40:05'),(622,350000,1,150,'2022-11-25 03:01:31','2022-11-25 03:01:31'),(623,100000,2,150,'2022-11-25 03:01:31','2022-11-25 03:01:31'),(624,180000,3,150,'2022-11-25 03:01:31','2022-11-25 03:01:31'),(625,50000,4,150,'2022-11-25 03:01:31','2022-11-25 03:01:31'),(626,350000,1,151,'2022-11-25 03:10:52','2022-11-25 03:10:52'),(627,100000,2,151,'2022-11-25 03:10:52','2022-11-25 03:10:52'),(628,180000,3,151,'2022-11-25 03:10:52','2022-11-25 03:10:52'),(629,50000,4,151,'2022-11-25 03:10:52','2022-11-25 03:10:52'),(630,350000,1,152,'2022-11-25 03:15:51','2022-11-25 03:15:51'),(631,100000,2,152,'2022-11-25 03:15:51','2022-11-25 03:15:51'),(632,180000,3,152,'2022-11-25 03:15:51','2022-11-25 03:15:51'),(633,50000,4,152,'2022-11-25 03:15:51','2022-11-25 03:15:51'),(634,350000,5,111,'2022-11-25 04:13:02','2022-11-25 04:13:02'),(635,50000,6,111,'2022-11-25 04:13:02','2022-11-25 04:13:02'),(636,100000,7,111,'2022-11-25 04:13:02','2022-11-25 04:13:02'),(637,350000,5,152,'2022-11-25 04:24:14','2022-11-25 04:24:14'),(638,50000,6,152,'2022-11-25 04:24:14','2022-11-25 04:24:14'),(639,100000,7,152,'2022-11-25 04:24:14','2022-11-25 04:24:14'),(640,560000,1,153,'2022-12-12 02:37:54','2022-12-12 02:37:54'),(641,0,2,153,'2022-12-12 02:37:54','2022-12-12 02:37:54'),(642,720000,3,153,'2022-12-12 02:37:54','2022-12-12 02:37:54'),(643,50000,4,153,'2022-12-12 02:37:54','2022-12-12 02:37:54'),(644,350000,1,154,'2022-12-12 03:14:26','2022-12-12 03:14:26'),(645,0,2,154,'2022-12-12 03:14:26','2022-12-12 03:14:26'),(646,390000,3,154,'2022-12-12 03:14:26','2022-12-12 03:14:26'),(647,50000,4,154,'2022-12-12 03:14:26','2022-12-12 03:14:26'),(648,560000,1,155,'2022-12-12 03:29:02','2022-12-12 03:29:02'),(649,0,2,155,'2022-12-12 03:29:02','2022-12-12 03:29:02'),(650,720000,3,155,'2022-12-12 03:29:02','2022-12-12 03:29:02'),(651,50000,4,155,'2022-12-12 03:29:02','2022-12-12 03:29:02'),(652,300000,5,129,'2022-12-15 03:03:36','2022-12-15 03:03:36'),(653,300000,6,129,'2022-12-15 03:03:36','2022-12-15 03:03:36'),(654,50000,7,129,'2022-12-15 03:03:36','2022-12-15 03:03:36'),(655,30000,5,139,'2022-12-15 03:06:42','2022-12-15 03:06:42'),(656,50000,6,139,'2022-12-15 03:06:42','2022-12-15 03:06:42'),(657,15000,7,139,'2022-12-15 03:06:42','2022-12-15 03:06:42'),(658,50000,5,145,'2022-12-15 03:23:10','2022-12-15 03:23:10'),(659,50000,6,145,'2022-12-15 03:23:10','2022-12-15 03:23:10'),(660,69000,7,145,'2022-12-15 03:23:10','2022-12-15 03:23:10'),(661,500000,5,148,'2022-12-20 02:04:19','2022-12-20 02:04:19'),(662,200000,6,148,'2022-12-20 02:04:19','2022-12-20 02:04:19'),(663,10000,7,148,'2022-12-20 02:04:19','2022-12-20 02:04:19'),(668,280000,1,157,'2022-12-20 02:52:38','2022-12-20 02:52:38'),(669,0,2,157,'2022-12-20 02:52:38','2022-12-20 02:52:38'),(670,180000,3,157,'2022-12-20 02:52:38','2022-12-20 02:52:38'),(671,50000,4,157,'2022-12-20 02:52:38','2022-12-20 02:52:38'),(672,560000,1,158,'2022-12-20 02:53:10','2022-12-20 02:53:10'),(673,0,2,158,'2022-12-20 02:53:10','2022-12-20 02:53:10'),(674,720000,3,158,'2022-12-20 02:53:10','2022-12-20 02:53:10'),(675,50000,4,158,'2022-12-20 02:53:10','2022-12-20 02:53:10'),(680,180000,1,160,'2022-12-21 02:00:09','2022-12-21 02:00:09'),(681,100000,2,160,'2022-12-21 02:00:09','2022-12-21 02:00:09'),(682,180000,3,160,'2022-12-21 02:00:09','2022-12-21 02:00:09'),(683,50000,4,160,'2022-12-21 02:00:09','2022-12-21 02:00:09'),(684,560000,1,161,'2022-12-21 02:00:59','2022-12-21 02:00:59'),(685,100000,2,161,'2022-12-21 02:00:59','2022-12-21 02:00:59'),(686,720000,3,161,'2022-12-21 02:00:59','2022-12-21 02:00:59'),(687,50000,4,161,'2022-12-21 02:00:59','2022-12-21 02:00:59'),(688,280000,1,162,'2022-12-21 03:44:02','2022-12-21 03:44:02'),(689,0,2,162,'2022-12-21 03:44:02','2022-12-21 03:44:02'),(690,180000,3,162,'2022-12-21 03:44:02','2022-12-21 03:44:02'),(691,50000,4,162,'2022-12-21 03:44:02','2022-12-21 03:44:02'),(692,280000,1,163,'2022-12-21 03:46:32','2022-12-21 03:46:32'),(693,100000,2,163,'2022-12-21 03:46:32','2022-12-21 03:46:32'),(694,180000,3,163,'2022-12-21 03:46:32','2022-12-21 03:46:32'),(695,50000,4,163,'2022-12-21 03:46:32','2022-12-21 03:46:32'),(708,280000,1,164,'2022-12-21 04:28:32','2022-12-21 04:28:32'),(709,100000,2,164,'2022-12-21 04:28:32','2022-12-21 04:28:32'),(710,180000,3,164,'2022-12-21 04:28:32','2022-12-21 04:28:32'),(711,50000,4,164,'2022-12-21 04:28:32','2022-12-21 04:28:32'),(720,500000,5,166,'2022-12-21 07:19:45','2022-12-21 07:19:45'),(721,200000,6,166,'2022-12-21 07:19:45','2022-12-21 07:19:45'),(722,100000,7,166,'2022-12-21 07:19:45','2022-12-21 07:19:45'),(723,500000,5,158,'2022-12-21 07:20:41','2022-12-21 07:20:41'),(724,200000,6,158,'2022-12-21 07:20:41','2022-12-21 07:20:41'),(725,100000,7,158,'2022-12-21 07:20:41','2022-12-21 07:20:41'),(726,500000,5,156,'2022-12-21 07:20:55','2022-12-21 07:20:55'),(727,200000,6,156,'2022-12-21 07:20:55','2022-12-21 07:20:55'),(728,100000,7,156,'2022-12-21 07:20:55','2022-12-21 07:20:55'),(729,500000,5,168,'2022-12-21 07:21:10','2022-12-21 07:21:10'),(730,200000,6,168,'2022-12-21 07:21:10','2022-12-21 07:21:10'),(731,100000,7,168,'2022-12-21 07:21:10','2022-12-21 07:21:10'),(732,500000,5,159,'2022-12-21 07:21:35','2022-12-21 07:21:35'),(733,200000,6,159,'2022-12-21 07:21:35','2022-12-21 07:21:35'),(734,100000,7,159,'2022-12-21 07:21:35','2022-12-21 07:21:35'),(735,500000,5,160,'2022-12-21 07:21:42','2022-12-21 07:21:42'),(736,200000,6,160,'2022-12-21 07:21:42','2022-12-21 07:21:42'),(737,100000,7,160,'2022-12-21 07:21:42','2022-12-21 07:21:42'),(738,500000,5,161,'2022-12-21 07:21:49','2022-12-21 07:21:49'),(739,200000,6,161,'2022-12-21 07:21:49','2022-12-21 07:21:49'),(740,100000,7,161,'2022-12-21 07:21:49','2022-12-21 07:21:49'),(741,500000,5,165,'2022-12-21 07:21:58','2022-12-21 07:21:58'),(742,200000,6,165,'2022-12-21 07:21:58','2022-12-21 07:21:58'),(743,100000,7,165,'2022-12-21 07:21:58','2022-12-21 07:21:58'),(744,500000,5,167,'2022-12-21 07:22:06','2022-12-21 07:22:06'),(745,200000,6,167,'2022-12-21 07:22:06','2022-12-21 07:22:06'),(746,100000,7,167,'2022-12-21 07:22:06','2022-12-21 07:22:06'),(747,500000,5,169,'2022-12-21 07:22:12','2022-12-21 07:22:12'),(748,200000,6,169,'2022-12-21 07:22:12','2022-12-21 07:22:12'),(749,100000,7,169,'2022-12-21 07:22:12','2022-12-21 07:22:12'),(762,0,5,140,'2022-12-21 08:09:48','2022-12-21 08:09:48'),(763,0,6,140,'2022-12-21 08:09:48','2022-12-21 08:09:48'),(764,0,7,140,'2022-12-21 08:09:48','2022-12-21 08:09:48'),(781,560000,1,170,'2022-12-22 09:05:31','2022-12-22 09:05:31'),(782,200000,2,170,'2022-12-22 09:05:31','2022-12-22 09:05:31'),(783,720000,3,170,'2022-12-22 09:05:31','2022-12-22 09:05:31'),(784,50000,4,170,'2022-12-22 09:05:31','2022-12-22 09:05:31'),(789,560000,1,173,'2022-12-22 10:45:16','2022-12-22 10:45:16'),(790,0,2,173,'2022-12-22 10:45:16','2022-12-22 10:45:16'),(791,720000,3,173,'2022-12-22 10:45:16','2022-12-22 10:45:16'),(792,50000,4,173,'2022-12-22 10:45:16','2022-12-22 10:45:16'),(793,500000,5,173,'2022-12-23 04:41:48','2022-12-23 04:41:48'),(794,200000,6,173,'2022-12-23 04:41:48','2022-12-23 04:41:48'),(795,100000,7,173,'2022-12-23 04:41:48','2022-12-23 04:41:48'),(796,560000,1,172,'2022-12-23 04:43:40','2022-12-23 04:43:40'),(797,300000,2,172,'2022-12-23 04:43:40','2022-12-23 04:43:40'),(798,720000,3,172,'2022-12-23 04:43:40','2022-12-23 04:43:40'),(799,50000,4,172,'2022-12-23 04:43:40','2022-12-23 04:43:40'),(800,350000,1,171,'2022-12-25 04:27:35','2022-12-25 04:27:35'),(801,300000,2,171,'2022-12-25 04:27:35','2022-12-25 04:27:35'),(802,180000,3,171,'2022-12-25 04:27:35','2022-12-25 04:27:35'),(803,50000,4,171,'2022-12-25 04:27:35','2022-12-25 04:27:35'),(811,320000,1,175,'2022-12-28 03:21:16','2022-12-28 03:21:16'),(812,400000,2,175,'2022-12-28 03:21:16','2022-12-28 03:21:16'),(813,1500000,3,175,'2022-12-28 03:21:16','2022-12-28 03:21:16'),(814,50000,4,175,'2022-12-28 03:21:16','2022-12-28 03:21:16'),(815,500000,5,171,'2022-12-28 07:57:51','2022-12-28 07:57:51'),(816,200000,6,171,'2022-12-28 07:57:51','2022-12-28 07:57:51'),(817,100000,7,171,'2022-12-28 07:57:51','2022-12-28 07:57:51'),(818,500000,5,175,'2022-12-28 08:00:12','2022-12-28 08:00:12'),(819,200000,6,175,'2022-12-28 08:00:12','2022-12-28 08:00:12'),(820,100000,7,175,'2022-12-28 08:00:12','2022-12-28 08:00:12'),(821,350000,5,172,'2022-12-28 08:02:43','2022-12-28 08:02:43'),(822,145000,6,172,'2022-12-28 08:02:43','2022-12-28 08:02:43'),(823,269000,7,172,'2022-12-28 08:02:43','2022-12-28 08:02:43'),(824,125000,5,170,'2022-12-28 08:04:51','2022-12-28 08:04:51'),(825,139000,6,170,'2022-12-28 08:04:51','2022-12-28 08:04:51'),(826,50000,7,170,'2022-12-28 08:04:51','2022-12-28 08:04:51'),(827,280000,1,176,'2022-12-29 04:47:58','2022-12-29 04:47:58'),(828,200000,2,176,'2022-12-29 04:47:58','2022-12-29 04:47:58'),(829,180000,3,176,'2022-12-29 04:47:58','2022-12-29 04:47:58'),(830,50000,4,176,'2022-12-29 04:47:58','2022-12-29 04:47:58'),(831,500000,5,137,'2022-12-29 04:51:27','2022-12-29 04:51:27'),(832,200000,6,137,'2022-12-29 04:51:27','2022-12-29 04:51:27'),(833,100000,7,137,'2022-12-29 04:51:27','2022-12-29 04:51:27'),(834,500000,5,108,'2022-12-30 09:08:16','2022-12-30 09:08:16'),(835,200000,6,108,'2022-12-30 09:08:16','2022-12-30 09:08:16'),(836,100000,7,108,'2022-12-30 09:08:16','2022-12-30 09:08:16'),(841,560000,1,174,'2023-01-03 05:02:31','2023-01-03 05:02:31'),(842,200000,2,174,'2023-01-03 05:02:31','2023-01-03 05:02:31'),(843,720000,3,174,'2023-01-03 05:02:31','2023-01-03 05:02:31'),(844,50000,4,174,'2023-01-03 05:02:31','2023-01-03 05:02:31'),(845,1250000,5,176,'2023-01-03 09:04:09','2023-01-03 09:04:09'),(846,569000,6,176,'2023-01-03 09:04:09','2023-01-03 09:04:09'),(847,189000,7,176,'2023-01-03 09:04:09','2023-01-03 09:04:09'),(848,560000,1,178,'2023-01-03 09:38:05','2023-01-03 09:38:05'),(849,0,2,178,'2023-01-03 09:38:05','2023-01-03 09:38:05'),(850,720000,3,178,'2023-01-03 09:38:05','2023-01-03 09:38:05'),(851,50000,4,178,'2023-01-03 09:38:05','2023-01-03 09:38:05'),(856,180000,1,179,'2023-01-04 07:13:55','2023-01-04 07:13:55'),(857,200000,2,179,'2023-01-04 07:13:55','2023-01-04 07:13:55'),(858,180000,3,179,'2023-01-04 07:13:55','2023-01-04 07:13:55'),(859,50000,4,179,'2023-01-04 07:13:55','2023-01-04 07:13:55'),(860,500000,5,179,'2023-01-04 08:47:45','2023-01-04 08:47:45'),(861,200000,6,179,'2023-01-04 08:47:45','2023-01-04 08:47:45'),(862,100000,7,179,'2023-01-04 08:47:45','2023-01-04 08:47:45'),(863,180000,1,181,'2023-01-04 09:26:01','2023-01-04 09:26:01'),(864,200000,2,181,'2023-01-04 09:26:01','2023-01-04 09:26:01'),(865,180000,3,181,'2023-01-04 09:26:01','2023-01-04 09:26:01'),(866,50000,4,181,'2023-01-04 09:26:01','2023-01-04 09:26:01'),(867,500000,5,177,'2023-01-05 02:39:49','2023-01-05 02:39:49'),(868,200000,6,177,'2023-01-05 02:39:49','2023-01-05 02:39:49'),(869,100000,7,177,'2023-01-05 02:39:49','2023-01-05 02:39:49'),(870,500000,5,181,'2023-01-05 04:05:05','2023-01-05 04:05:05'),(871,200000,6,181,'2023-01-05 04:05:05','2023-01-05 04:05:05'),(872,100000,7,181,'2023-01-05 04:05:05','2023-01-05 04:05:05'),(873,350000,1,182,'2023-01-10 16:09:04','2023-01-10 16:09:04'),(874,200000,2,182,'2023-01-10 16:09:04','2023-01-10 16:09:04'),(875,390000,3,182,'2023-01-10 16:09:04','2023-01-10 16:09:04'),(876,50000,4,182,'2023-01-10 16:09:04','2023-01-10 16:09:04'),(877,500000,5,180,'2023-01-13 01:25:50','2023-01-13 01:25:50'),(878,200000,6,180,'2023-01-13 01:25:50','2023-01-13 01:25:50'),(879,100000,7,180,'2023-01-13 01:25:50','2023-01-13 01:25:50'),(880,500000,5,183,'2023-01-13 04:30:37','2023-01-13 04:30:37'),(881,200000,6,183,'2023-01-13 04:30:37','2023-01-13 04:30:37'),(882,100000,7,183,'2023-01-13 04:30:37','2023-01-13 04:30:37'),(883,500000,5,178,'2023-01-13 07:55:40','2023-01-13 07:55:40'),(884,200000,6,178,'2023-01-13 07:55:40','2023-01-13 07:55:40'),(885,100000,7,178,'2023-01-13 07:55:40','2023-01-13 07:55:40'),(886,350000,1,184,'2023-02-09 02:10:17','2023-02-09 02:10:17'),(887,0,2,184,'2023-02-09 02:10:17','2023-02-09 02:10:17'),(888,350000,3,184,'2023-02-09 02:10:17','2023-02-09 02:10:17'),(889,350000,4,184,'2023-02-09 02:10:17','2023-02-09 02:10:17'),(890,500000,5,184,'2023-08-11 08:43:46','2023-08-11 08:43:46'),(891,200000,6,184,'2023-08-11 08:43:46','2023-08-11 08:43:46'),(892,100000,7,184,'2023-08-11 08:43:46','2023-08-11 08:43:46'),(893,500000,5,186,'2023-08-11 08:45:13','2023-08-11 08:45:13'),(894,200000,6,186,'2023-08-11 08:45:13','2023-08-11 08:45:13'),(895,100000,7,186,'2023-08-11 08:45:13','2023-08-11 08:45:13');
/*!40000 ALTER TABLE `bills` ENABLE KEYS */;
UNLOCK TABLES;

--
-- Table structure for table `car_images`
--

DROP TABLE IF EXISTS `car_images`;
/*!40101 SET @saved_cs_client     = @@character_set_client */;
/*!50503 SET character_set_client = utf8mb4 */;
CREATE TABLE `car_images` (
  `id` int NOT NULL AUTO_INCREMENT,
  `car_id` int NOT NULL,
  `url` varchar(225) CHARACTER SET utf8mb4 COLLATE utf8mb4_unicode_ci NOT NULL,
  `create_at` timestamp NULL DEFAULT CURRENT_TIMESTAMP,
  `update_at` timestamp NULL DEFAULT CURRENT_TIMESTAMP ON UPDATE CURRENT_TIMESTAMP,
  PRIMARY KEY (`id`),
  KEY `fk_car_images_1_idx` (`car_id`),
  CONSTRAINT `fk_car_images_1` FOREIGN KEY (`car_id`) REFERENCES `cars` (`id`)
) ENGINE=InnoDB AUTO_INCREMENT=83 DEFAULT CHARSET=utf8mb4 COLLATE=utf8mb4_0900_ai_ci;
/*!40101 SET character_set_client = @saved_cs_client */;

--
-- Dumping data for table `car_images`
--

LOCK TABLES `car_images` WRITE;
/*!40000 ALTER TABLE `car_images` DISABLE KEYS */;
INSERT INTO `car_images` VALUES (52,91,'images/ac366ba3-b790-42ab-a470-d19ffcc1ef5c-1661326489318.jpg','2022-08-24 07:34:49','2022-08-24 07:34:49'),(53,92,'images/9d724b07-bf86-4e52-94b2-73f3a690c769-1661326958373.jpg','2022-08-24 07:42:38','2022-08-24 07:42:38'),(54,97,'images/0a04ef28-fccd-4ca1-9eb1-09567aae38cc-1661528248252.jpg','2022-08-26 15:37:28','2022-08-26 15:37:28'),(55,100,'images/fe6c0764-eab4-44b4-8837-6a9096efda1e-1661761730894.jpg','2022-08-29 08:28:50','2022-08-29 08:28:50'),(56,107,'images/5aa8278c-0f7b-48a8-b5c3-906cd65dc4ec-1662953010101.jpg','2022-09-12 03:23:30','2022-09-12 03:23:30'),(57,108,'images/2774084f-6420-4500-8898-f2567760a6d5-1663043282022.jpg','2022-09-13 04:28:02','2022-09-13 04:28:02'),(58,109,'images/2d485b53-920f-47f9-b3d1-32928bee20fd-1663051250731.jpg','2022-09-13 06:40:50','2022-09-13 06:40:50'),(59,110,'images/0b797d48-02d0-4ccf-9cdb-4b259e0e28a9-1663051382428.jpg','2022-09-13 06:43:02','2022-09-13 06:43:02'),(60,111,'images/19767bfe-6cb0-439e-97df-3571da427cfe-1663051853189.jpg','2022-09-13 06:50:53','2022-09-13 06:50:53'),(61,112,'images/f6c6f6b6-573a-4075-a923-0385f86e4509-1663051951589.jpg','2022-09-13 06:52:31','2022-09-13 06:52:31'),(62,113,'images/b17451c4-1c0c-4eb2-9233-d772a355fb8f-1663051988796.jpg','2022-09-13 06:53:08','2022-09-13 06:53:08'),(63,114,'images/c0d559e2-0fff-4fbd-96eb-4e5e4cd7310f-1663052737334.jpg','2022-09-13 07:05:37','2022-09-13 07:05:37'),(64,115,'images/e340652e-ef6e-48b0-9f1d-ec644fbf3e98-1663052859644.jpg','2022-09-13 07:07:39','2022-09-13 07:07:39'),(65,116,'images/8a347c03-3556-42b5-aad4-2516d8ce7101-1663053093318.jpg','2022-09-13 07:11:33','2022-09-13 07:11:33'),(66,117,'images/97ba826d-b641-4169-94f5-a9dbd9412ff2-1663053218169.jpg','2022-09-13 07:13:38','2022-09-13 07:13:38'),(67,118,'images/8ee8d25c-71a6-4d0c-bbbf-18d8abbd57d1-1663053311625.jpg','2022-09-13 07:15:11','2022-09-13 07:15:11'),(68,119,'images/07a0b983-842d-489b-937b-083c18b9f8fc-1663053750477.jpg','2022-09-13 07:22:30','2022-09-13 07:22:30'),(69,120,'images/76d62d1f-8363-4d49-951f-549ad9f62af1-1663054046985.jpg','2022-09-13 07:27:26','2022-09-13 07:27:26'),(70,121,'images/c8a60345-d9f8-48e4-992a-0c5d6ebfa74e-1663059862096.jpg','2022-09-13 09:04:22','2022-09-13 09:04:22'),(71,123,'images/64c79104-53f0-4b8f-bfd0-885fe4b181f9-1663579129597.jpg','2022-09-19 09:18:49','2022-09-19 09:18:49'),(72,124,'images/470e3c7d-bd2d-4efd-9c60-5e281f1bb201-1663579175000.jpg','2022-09-19 09:19:35','2022-09-19 09:19:35'),(73,125,'images/b8a2c1f3-2202-4ae7-b026-b2357e1f95de-1663579528277.jpg','2022-09-19 09:25:28','2022-09-19 09:25:28'),(74,126,'images/36c5fc6e-f7ce-46c4-8c54-deecd8cdcd79-1663579621983.jpg','2022-09-19 09:27:01','2022-09-19 09:27:01'),(75,127,'images/e16716c6-953e-45ee-9ac6-a02a0cf59580-1663579819456.jpg','2022-09-19 09:30:19','2022-09-19 09:30:19'),(76,129,'images/705e97b0-71cd-44e7-accf-36d04fa6b221-1666085193017.jpg','2022-10-18 09:26:33','2022-10-18 09:26:33'),(77,130,'images/31b81103-d9d3-4199-88d5-1936d1e04ddd-1666085588043.jpg','2022-10-18 09:33:08','2022-10-18 09:33:08'),(78,96,'images/72bda76e-5f99-4e95-af4c-7af53ca9244a-1671971250070.png','2022-12-25 12:27:30','2022-12-25 12:27:30'),(79,133,'images/57116d0e-63b9-402d-9e23-2fd688b84fb0-1672733055934.jpg','2023-01-03 08:04:15','2023-01-03 08:04:15'),(81,136,'images/9b2159a3-0570-413d-b774-44ccdc13b0c9-1693197634822.jpeg','2023-08-28 04:40:34','2023-08-28 04:40:34'),(82,136,'images/089bd5b0-39f2-4457-bc56-6e7481ee61bd-1693197634824.jpeg','2023-08-28 04:40:34','2023-08-28 04:40:34');
/*!40000 ALTER TABLE `car_images` ENABLE KEYS */;
UNLOCK TABLES;

--
-- Table structure for table `cars`
--

DROP TABLE IF EXISTS `cars`;
/*!40101 SET @saved_cs_client     = @@character_set_client */;
/*!50503 SET character_set_client = utf8mb4 */;
CREATE TABLE `cars` (
  `id` int NOT NULL AUTO_INCREMENT,
  `owner_id` int DEFAULT NULL,
  `license_plates` varchar(45) CHARACTER SET utf8mb4 COLLATE utf8mb4_unicode_ci NOT NULL,
  `vehicle_type_id` int NOT NULL,
  `manufacture_at` year NOT NULL,
  `delete_at` timestamp NULL DEFAULT NULL,
  `create_at` timestamp NULL DEFAULT CURRENT_TIMESTAMP,
  `update_at` timestamp NULL DEFAULT CURRENT_TIMESTAMP ON UPDATE CURRENT_TIMESTAMP,
  PRIMARY KEY (`id`),
  KEY `fk_cars_3_idx` (`vehicle_type_id`),
  KEY `fk_cars_1_idx` (`owner_id`),
  CONSTRAINT `fk_cars_1` FOREIGN KEY (`owner_id`) REFERENCES `users` (`id`),
  CONSTRAINT `fk_cars_3` FOREIGN KEY (`vehicle_type_id`) REFERENCES `vehicle_types` (`id`)
) ENGINE=InnoDB AUTO_INCREMENT=137 DEFAULT CHARSET=utf8mb4 COLLATE=utf8mb4_0900_ai_ci;
/*!40101 SET character_set_client = @saved_cs_client */;

--
-- Dumping data for table `cars`
--

LOCK TABLES `cars` WRITE;
/*!40000 ALTER TABLE `cars` DISABLE KEYS */;
INSERT INTO `cars` VALUES (89,1,'43D12345',9,2019,'2022-08-24 07:30:52','2022-08-23 07:56:49','2022-08-24 07:30:52'),(90,1,'43C67878',25,2019,'2022-08-24 07:30:54','2022-08-24 02:20:18','2022-08-24 07:30:54'),(91,1,'43A51596',8,2019,'2022-09-29 08:20:27','2022-08-24 07:34:49','2022-09-29 08:20:27'),(92,1,'30A66758',7,2019,'2022-09-29 08:20:24','2022-08-24 07:42:38','2022-09-29 08:20:24'),(93,1,'43C00001',10,2010,'2023-08-26 05:10:17','2022-08-25 03:10:44','2023-08-26 05:10:17'),(94,1,'43C00002',46,2010,'2022-12-12 03:28:31','2022-08-25 03:15:48','2022-12-12 03:28:31'),(95,4,'43FD46747',25,2019,NULL,'2022-08-25 09:05:15','2022-08-25 09:05:15'),(96,1,'43D12345',10,2021,NULL,'2022-08-26 01:20:05','2022-08-26 01:20:05'),(97,5,'43D12689',9,2019,'2022-09-13 09:03:29','2022-08-26 15:37:28','2022-09-13 09:03:29'),(98,1,'97E13848',15,2020,NULL,'2022-08-29 01:29:07','2022-08-29 01:29:07'),(99,1,'43D19499',27,2020,NULL,'2022-08-29 02:44:15','2022-08-29 02:44:15'),(100,1,'12A56789',9,2018,'2022-08-29 09:33:57','2022-08-29 08:28:50','2022-08-29 09:33:57'),(101,1,'98K12849',25,2018,'2022-12-25 12:28:12','2022-08-31 07:51:50','2022-12-25 12:28:12'),(102,1,'43A13567',15,2019,'2023-08-26 05:12:05','2022-09-03 10:57:49','2023-08-26 05:12:05'),(103,5,'43HW92288',25,2019,'2022-09-13 09:03:27','2022-09-07 07:42:57','2022-09-13 09:03:27'),(107,1,'71A11122',47,2019,'2022-09-13 06:39:38','2022-09-12 03:23:30','2022-09-13 06:39:38'),(108,1,'51A11344',34,2020,'2022-09-13 06:39:33','2022-09-13 04:28:02','2022-09-13 06:39:33'),(109,1,'71A11222',47,2020,'2022-09-13 06:49:42','2022-09-13 06:40:50','2022-09-13 06:49:42'),(110,1,'51E00112',27,2021,'2023-08-26 05:12:20','2022-09-13 06:43:02','2023-08-26 05:12:20'),(111,1,'92D33322',15,2019,NULL,'2022-09-13 06:50:53','2022-09-13 06:50:53'),(112,1,'87A11234',11,2018,'2023-08-26 05:11:30','2022-09-13 06:52:31','2023-08-26 05:11:30'),(113,1,'93A33444',39,2020,'2022-09-19 09:14:51','2022-09-13 06:53:08','2022-09-19 09:14:51'),(114,1,'91H11234',10,2022,'2022-09-13 07:06:41','2022-09-13 07:05:37','2022-09-13 07:06:41'),(115,1,'91A45678',46,2019,'2022-09-13 07:10:07','2022-09-13 07:07:39','2022-09-13 07:10:07'),(116,1,'91A45678',20,2018,'2022-09-13 07:12:16','2022-09-13 07:11:33','2022-09-13 07:12:16'),(117,1,'91A44555',34,2020,'2022-09-13 07:14:11','2022-09-13 07:13:38','2022-09-13 07:14:11'),(118,1,'91A33445',34,2019,'2022-09-13 07:20:19','2022-09-13 07:15:11','2022-09-13 07:20:19'),(119,1,'97H11223',24,2019,'2022-09-13 07:24:22','2022-09-13 07:22:30','2022-09-13 07:24:22'),(120,1,'98X55667',34,2018,'2022-09-19 09:14:06','2022-09-13 07:27:26','2022-09-19 09:14:06'),(121,5,'43C44565',9,2017,NULL,'2022-09-13 09:04:22','2022-09-13 09:04:22'),(122,5,'43A66767',9,2019,NULL,'2022-09-16 09:13:08','2022-09-16 09:13:08'),(123,1,'82A11122',10,2019,'2022-09-19 09:26:36','2022-09-19 09:18:49','2022-09-19 09:26:36'),(124,1,'31A00033',34,2021,NULL,'2022-09-19 09:19:35','2022-09-19 09:19:35'),(125,1,'45A11223',25,2020,'2022-09-19 09:26:31','2022-09-19 09:25:28','2022-09-19 09:26:31'),(126,1,'45A11223',7,2019,NULL,'2022-09-19 09:27:01','2022-09-19 09:27:01'),(127,1,'12A44556',44,2018,NULL,'2022-09-19 09:30:19','2022-09-19 09:30:19'),(128,1,'74A00999',20,2020,NULL,'2022-09-29 08:01:51','2022-09-29 08:01:51'),(129,4,'43J71836',25,2020,NULL,'2022-10-18 09:26:33','2022-10-18 09:26:33'),(130,4,'43B02268',11,2016,NULL,'2022-10-18 09:27:23','2022-10-18 09:27:23'),(131,1,'51D11100',25,2020,NULL,'2022-10-21 10:01:42','2022-10-21 10:01:42'),(132,1,'34D12849',30,2022,NULL,'2023-01-03 07:59:27','2023-01-04 06:47:13'),(133,1,'92A49910',46,2019,NULL,'2023-01-03 08:04:15','2023-01-03 08:04:15'),(134,1,'56K184002',25,2020,'2023-01-04 06:42:01','2023-01-04 06:37:41','2023-01-04 06:42:01'),(135,1,'54D56879',23,2020,'2023-08-26 05:11:22','2023-01-13 02:20:38','2023-08-26 05:11:22'),(136,1,'43NG00002',37,2014,NULL,'2023-08-27 06:15:21','2023-08-28 04:39:07');
/*!40000 ALTER TABLE `cars` ENABLE KEYS */;
UNLOCK TABLES;

--
-- Table structure for table `device_tokens`
--

DROP TABLE IF EXISTS `device_tokens`;
/*!40101 SET @saved_cs_client     = @@character_set_client */;
/*!50503 SET character_set_client = utf8mb4 */;
CREATE TABLE `device_tokens` (
  `id` int NOT NULL AUTO_INCREMENT,
  `user_id` int NOT NULL,
  `token` varchar(45) CHARACTER SET utf8mb4 COLLATE utf8mb4_unicode_ci NOT NULL,
  PRIMARY KEY (`id`),
  KEY `fk_device_tokens_1_idx` (`user_id`),
  CONSTRAINT `fk_device_tokens_1` FOREIGN KEY (`user_id`) REFERENCES `users` (`id`)
) ENGINE=InnoDB AUTO_INCREMENT=132 DEFAULT CHARSET=utf8mb4 COLLATE=utf8mb4_unicode_ci;
/*!40101 SET character_set_client = @saved_cs_client */;

--
-- Dumping data for table `device_tokens`
--

LOCK TABLES `device_tokens` WRITE;
/*!40000 ALTER TABLE `device_tokens` DISABLE KEYS */;
INSERT INTO `device_tokens` VALUES (22,1,'ExponentPushToken[8u6SqXGj9qfP8ytrLXK0SA]'),(24,1,'ExponentPushToken[mo215MJI2iEvNq-IoutV8F]'),(28,4,'ExponentPushToken[WZqB3GGvR_tcopw4vEp4em3]'),(38,1,'ExponentPushToken[WZqB3GGvR_tcopw4vEp4em3]'),(43,1,'ExponentPushToken[IM4-t2MR07rEa3vVgj7D_n]'),(51,1,'ExponentPushToken[8aXOzIMfa43HXlhzRpTpdd]'),(54,5,'ExponentPushToken[7CbkEIB00V7os_hG1qZQ4X]'),(55,6,'undefined'),(60,1,'ExponentPushToken[ACl5tPDpa9nxykFQGjLJ4J]'),(61,1,'ExponentPushToken[kH2RLgHcpDY0-ES1JJoieQ]'),(62,6,'4w6hy5rthe564'),(63,6,'ExponentPushToken[FzZ6nDOmpfwkDo1Y_Nd4A9]'),(64,6,'ExponentPushToken[_SJcvZJKRb6nmwpFuuB_A8]'),(65,1,'ExponentPushToken[3UMWEKDF45o1c5oP2Ck3jD]'),(66,6,'ExponentPushToken[9rIlOwL7reOKAzT1I-kMEn]'),(67,6,'ExponentPushToken[mcJGa7Hfz3AWDBnpPGck9E]'),(68,5,'ExponentPushToken[w3JpqeHAQJ25whGW-ndJFK]'),(69,6,'ExponentPushToken[xXIvYlKHQkDuXa-rRIWcpl]'),(70,6,'ExponentPushToken[lay116H9hzXnmZ1Ce241aJ]'),(71,1,'ExponentPushToken[6aYLFKMfQkNkSks2k_zzRE]'),(72,6,'ExponentPushToken[DsOHLhJJB8RbusYIXGXlFn]'),(73,6,'ExponentPushToken[evuxK6PiQf_DK_bcRCnXnh]'),(79,4,'ExponentPushToken[1OAxPCMDw1dYoouNtHxYJF]'),(80,4,'ExponentPushToken[WCNS3oLkhY_-9GAUykmOrn]'),(81,1,'ExponentPushToken[w7O-QqJonmghPO0gaeQK0H]'),(82,6,'ExponentPushToken[AIByYELpTlORQyyfo8ZUnR]'),(83,1,'ExponentPushToken[TtYfc4E1YFSc45kpipjKI2]'),(86,6,'ExponentPushToken[rQx65nD0FvkgyO7teaW3VW]'),(89,13,'ExponentPushToken[FzZ6nDOmpfwkDo1Y_Nd4A9]'),(90,13,'ExponentPushToken[A9FyU3Mf9ZzGx8jQE6UYhq]'),(92,1,'ExponentPushToken[uR1awTCInp0iDETEG01aEt]'),(93,13,'ExponentPushToken[EpaWTYPqZ482PR_iohda3g]'),(94,4,'ExponentPushToken[0eFXCYF0zeAI4n4wHXCWdw]'),(95,4,'ExponentPushToken[HMJHHnFkXEaKuvMGKNgrWh]'),(96,6,'ExponentPushToken[SiXRDnLjs2uzYZ6qyTeq_V]'),(98,6,'ExponentPushToken[kB55EOG_RX8hKXhQ7Oj23-]'),(99,1,'ExponentPushToken[EWrmKuGUw_oytzggHNn6bG]'),(100,18,'ExponentPushToken[FzZ6nDOmpfwkDo1Y_Nd4A9]'),(101,18,'ExponentPushToken[A9FyU3Mf9ZzGx8jQE6UYhq]'),(102,15,'ExponentPushToken[9bbzqXFmlNxWzaQG4Ba3Ud]'),(103,6,'ExponentPushToken[A9FyU3Mf9ZzGx8jQE6UYhq]'),(104,6,'ExponentPushToken[kzxeZjNGUQkw-qKfrO01Lg]'),(106,1,'ExponentPushToken[x6Rw8PKgJIAlbc0EiZ_Un0]'),(109,1,'a'),(110,1,'ExponentPushToken[hQ0-89EPd1mhb8j1B6bs_u]'),(111,1,'undefined'),(112,1,'ExponentPushToken[dv484aNBfZgUAg4hg1nRLL]'),(113,21,'ExponentPushToken[FzZ6nDOmpfwkDo1Y_Nd4A9]'),(115,1,'ExponentPushToken[_E4_I6Kv7AANYX0CfeU9NR]'),(118,15,'ExponentPushToken[pAXqhOJ2GnoDYJu2WnG9qu]'),(119,1,'ExponentPushToken[x6GSHHMknQnuX9LH7EQR9P]'),(121,1,'ExponentPushToken[_LG_QPP8rGrVINV2FiDjPB]'),(123,15,'ExponentPushToken[FzZ6nDOmpfwkDo1Y_Nd4A9]'),(124,66,'ExponentPushToken[_E4_I6Kv7AANYX0CfeU9NR]'),(125,1,'Null token'),(126,5,'ExponentPushToken[_LG_QPP8rGrVINV2FiDjPB]'),(127,1,'ExponentPushToken[nn7DAMLuqSaqO-eSr3Fj8n]'),(128,21,'ExponentPushToken[OOJojnE1uazaHi0L9_khdE]'),(129,1,'Non Token'),(130,1,'ExponentPushToken[D3wPf2KH4XqIiPemHyAGIW]'),(131,15,'ExponentPushToken[ix_O4UDdhVZnmJueLLF77P]');
/*!40000 ALTER TABLE `device_tokens` ENABLE KEYS */;
UNLOCK TABLES;

--
-- Table structure for table `features`
--

DROP TABLE IF EXISTS `features`;
/*!40101 SET @saved_cs_client     = @@character_set_client */;
/*!50503 SET character_set_client = utf8mb4 */;
CREATE TABLE `features` (
  `id` int NOT NULL,
  `name` varchar(45) CHARACTER SET utf8mb4 COLLATE utf8mb4_unicode_ci DEFAULT NULL,
  `create_at` timestamp NULL DEFAULT CURRENT_TIMESTAMP,
  `update_at` timestamp NULL DEFAULT CURRENT_TIMESTAMP ON UPDATE CURRENT_TIMESTAMP,
  PRIMARY KEY (`id`)
) ENGINE=InnoDB DEFAULT CHARSET=utf8mb4 COLLATE=utf8mb4_0900_ai_ci;
/*!40101 SET character_set_client = @saved_cs_client */;

--
-- Dumping data for table `features`
--

LOCK TABLES `features` WRITE;
/*!40000 ALTER TABLE `features` DISABLE KEYS */;
/*!40000 ALTER TABLE `features` ENABLE KEYS */;
UNLOCK TABLES;

--
-- Table structure for table `fee_setting`
--

DROP TABLE IF EXISTS `fee_setting`;
/*!40101 SET @saved_cs_client     = @@character_set_client */;
/*!50503 SET character_set_client = utf8mb4 */;
CREATE TABLE `fee_setting` (
  `id` int NOT NULL AUTO_INCREMENT,
  `from` int NOT NULL,
  `to` int NOT NULL,
  `fee` int NOT NULL,
  `create_at` timestamp NULL DEFAULT CURRENT_TIMESTAMP,
  `update_at` timestamp NULL DEFAULT CURRENT_TIMESTAMP ON UPDATE CURRENT_TIMESTAMP,
  PRIMARY KEY (`id`)
) ENGINE=InnoDB AUTO_INCREMENT=101 DEFAULT CHARSET=utf8mb4 COLLATE=utf8mb4_0900_ai_ci;
/*!40101 SET character_set_client = @saved_cs_client */;

--
-- Dumping data for table `fee_setting`
--

LOCK TABLES `fee_setting` WRITE;
/*!40000 ALTER TABLE `fee_setting` DISABLE KEYS */;
INSERT INTO `fee_setting` VALUES (96,0,5,100000,'2023-02-09 02:54:03','2023-02-09 02:54:03'),(97,5,10,200000,'2023-02-09 02:54:03','2023-02-09 02:54:03'),(98,10,20,400000,'2023-02-09 02:54:03','2023-02-09 02:54:03'),(99,20,40,1000000,'2023-02-09 02:54:03','2023-02-09 02:54:03'),(100,40,100,2000000,'2023-02-09 02:54:03','2023-02-09 02:54:03');
/*!40000 ALTER TABLE `fee_setting` ENABLE KEYS */;
UNLOCK TABLES;

--
-- Table structure for table `fee_types`
--

DROP TABLE IF EXISTS `fee_types`;
/*!40101 SET @saved_cs_client     = @@character_set_client */;
/*!50503 SET character_set_client = utf8mb4 */;
CREATE TABLE `fee_types` (
  `id` int NOT NULL AUTO_INCREMENT,
  `name` varchar(225) CHARACTER SET utf8mb4 COLLATE utf8mb4_unicode_ci NOT NULL,
  `create_at` timestamp NULL DEFAULT CURRENT_TIMESTAMP,
  `update_at` timestamp NULL DEFAULT CURRENT_TIMESTAMP ON UPDATE CURRENT_TIMESTAMP,
  PRIMARY KEY (`id`)
) ENGINE=InnoDB AUTO_INCREMENT=8 DEFAULT CHARSET=utf8mb4 COLLATE=utf8mb4_0900_ai_ci;
/*!40101 SET character_set_client = @saved_cs_client */;

--
-- Dumping data for table `fee_types`
--

LOCK TABLES `fee_types` WRITE;
/*!40000 ALTER TABLE `fee_types` DISABLE KEYS */;
INSERT INTO `fee_types` VALUES (1,'Phí kiểm định xe cơ giới','2022-07-28 04:54:25','2022-07-28 04:54:25'),(2,'Phí đăng kiểm hộ','2022-07-28 04:56:55','2022-07-28 04:56:55'),(3,'Phí đường bộ ','2022-07-28 04:58:18','2022-07-28 04:58:18'),(4,'Phí cấp giấy chứng nhận kiểm định ','2022-07-28 05:00:01','2022-07-28 05:00:01'),(5,'Phí đăng kiểm','2022-10-06 07:49:26','2022-10-06 07:49:26'),(6,'Lệ phí đăng kiểm','2022-10-06 07:49:26','2022-10-06 07:49:26'),(7,'Phí khác','2022-10-06 07:49:26','2022-10-06 07:49:26');
/*!40000 ALTER TABLE `fee_types` ENABLE KEYS */;
UNLOCK TABLES;

--
-- Table structure for table `functions`
--

DROP TABLE IF EXISTS `functions`;
/*!40101 SET @saved_cs_client     = @@character_set_client */;
/*!50503 SET character_set_client = utf8mb4 */;
CREATE TABLE `functions` (
  `id` int NOT NULL AUTO_INCREMENT,
  `name` varchar(255) COLLATE utf8mb4_unicode_ci NOT NULL,
  PRIMARY KEY (`id`)
) ENGINE=InnoDB AUTO_INCREMENT=11 DEFAULT CHARSET=utf8mb4 COLLATE=utf8mb4_unicode_ci;
/*!40101 SET character_set_client = @saved_cs_client */;

--
-- Dumping data for table `functions`
--

LOCK TABLES `functions` WRITE;
/*!40000 ALTER TABLE `functions` DISABLE KEYS */;
INSERT INTO `functions` VALUES (1,'Quản lý đăng ký '),(2,'Quản lí thanh toán'),(3,'Quản lý đăng kiểm '),(4,'Phí bảo trì đường bộ'),(5,'Chủng loại phương tiện và phí kiểm định'),(6,'Phương tiện có lỗi vi phạm'),(7,'Báo cáo phương tiện sắp tới hạn đăng kiểm'),(8,'Quản lý nhân viên'),(9,'Cấu hình thông báo'),(10,'Cấu hình phí đăng kiểm');
/*!40000 ALTER TABLE `functions` ENABLE KEYS */;
UNLOCK TABLES;

--
-- Table structure for table `hot_line`
--

DROP TABLE IF EXISTS `hot_line`;
/*!40101 SET @saved_cs_client     = @@character_set_client */;
/*!50503 SET character_set_client = utf8mb4 */;
CREATE TABLE `hot_line` (
  `id` int NOT NULL AUTO_INCREMENT,
  `phone_number` varchar(10) COLLATE utf8mb4_unicode_ci DEFAULT NULL,
  PRIMARY KEY (`id`)
) ENGINE=InnoDB AUTO_INCREMENT=2 DEFAULT CHARSET=utf8mb4 COLLATE=utf8mb4_unicode_ci;
/*!40101 SET character_set_client = @saved_cs_client */;

--
-- Dumping data for table `hot_line`
--

LOCK TABLES `hot_line` WRITE;
/*!40000 ALTER TABLE `hot_line` DISABLE KEYS */;
INSERT INTO `hot_line` VALUES (1,'0368579134');
/*!40000 ALTER TABLE `hot_line` ENABLE KEYS */;
UNLOCK TABLES;

--
-- Table structure for table `infringes`
--

DROP TABLE IF EXISTS `infringes`;
/*!40101 SET @saved_cs_client     = @@character_set_client */;
/*!50503 SET character_set_client = utf8mb4 */;
CREATE TABLE `infringes` (
  `id` int NOT NULL AUTO_INCREMENT,
  `infringes_name` varchar(225) CHARACTER SET utf8mb4 COLLATE utf8mb4_unicode_ci NOT NULL,
  `infringe_date` date NOT NULL,
  `license_plate` varchar(45) CHARACTER SET utf8mb4 COLLATE utf8mb4_unicode_ci NOT NULL,
  `violator_name` varchar(45) CHARACTER SET utf8mb4 COLLATE utf8mb4_unicode_ci DEFAULT NULL,
  `handling_agency` varchar(45) CHARACTER SET utf8mb4 COLLATE utf8mb4_unicode_ci NOT NULL,
  `status` tinyint DEFAULT '0',
  `create_at` timestamp NULL DEFAULT CURRENT_TIMESTAMP,
  `update_at` timestamp NULL DEFAULT CURRENT_TIMESTAMP ON UPDATE CURRENT_TIMESTAMP,
  PRIMARY KEY (`id`)
) ENGINE=InnoDB AUTO_INCREMENT=48 DEFAULT CHARSET=utf8mb4 COLLATE=utf8mb4_0900_ai_ci;
/*!40101 SET character_set_client = @saved_cs_client */;

--
-- Dumping data for table `infringes`
--

LOCK TABLES `infringes` WRITE;
/*!40000 ALTER TABLE `infringes` DISABLE KEYS */;
INSERT INTO `infringes` VALUES (1,'Vượt đèn đỏ','2022-07-10','43A45678','Vo Van Viet','CA Thành Phố',1,'2022-07-31 13:06:53','2022-09-09 02:44:21'),(2,'Đi lùi trên cao tốc','2002-07-05','43A45678','Vo Van Viet','CA Thành Phố',1,'2022-07-31 13:09:24','2022-09-09 02:44:21'),(3,'Chạy quá tốc độ','2022-07-01','43A45678','Vo Van Viet','CA Thành Phố',1,'2022-07-31 13:09:24','2022-08-13 08:24:30'),(4,'Vượt đèn đỏ','2002-07-01','32A23345','Nguyen Van An','CA Thành Phố',1,'2022-07-31 13:09:24','2022-08-13 08:24:35'),(5,'Quá hạn kiểm định','2022-08-30','43a51596','','CSGT Thanh Khê',0,'2022-08-24 07:40:20','2022-08-24 07:40:20'),(10,'Vượt đèn đỏ','2022-08-01','43c00002','','Phòng CSGT quận  Hải Châu',1,'2022-08-25 03:17:49','2022-09-12 02:28:18'),(11,'Lấn làn','2022-08-01','43c00002','','CSGT Thanh Khê',1,'2022-08-25 03:22:57','2022-09-12 02:28:18'),(12,'Quá hạn kiểm định','2022-07-30','43c00002','','CSGT Cẩm Lệ',1,'2022-08-25 03:23:57','2022-09-12 02:28:18'),(13,'Tông xe bỏ trốn','2022-08-31','43D12345','Võ Văn Việt','Công an Đà Nẵng',1,'2022-08-27 06:11:50','2023-01-03 09:04:23'),(14,'Vượt đèn đỏ','2022-08-01','43A33334','Nguyễn Thị Thanh Thủy','CA TP Đà Nẵng',1,'2022-08-29 04:17:32','2022-08-30 02:13:37'),(15,'Sử dụng rượu bia khi lái xe','2022-08-23','43A45678','Vo Van Viet','CSGT Thành phố Đà nẵng',1,'2022-08-30 09:17:32','2022-09-09 02:44:21'),(16,'Test','2022-08-26','43C00002','','CSGT Thành phố Đà nẵng',1,'2022-08-31 08:03:47','2022-09-12 02:28:18'),(18,'Vượt đèn đỏ','2022-09-16','12A44556','','CA thành phố ĐÀ Nẵng',0,'2022-09-20 02:53:16','2022-09-20 02:53:16'),(20,'Vượt đèn đỏ','2022-09-22','12A44556','','CA thành phố ĐÀ Nẵng',0,'2022-09-20 04:13:31','2022-09-20 04:13:31'),(21,'Vượt đèn đỏ','2022-09-11','12A44556','','CA thành phố ĐÀ Nẵng',0,'2022-09-20 04:22:23','2022-09-20 04:22:23'),(22,'Vượt đèn đỏ','2022-09-14','12A44556','','CA thành phố ĐÀ Nẵng',0,'2022-09-20 04:30:16','2022-09-20 04:30:16'),(23,'Vượt đèn đỏ','2022-09-12','12A44556','','CA thành phố ĐÀ Nẵng',0,'2022-09-20 04:41:33','2022-09-20 04:41:33'),(24,'Vượt đèn đỏ','2022-09-04','12A44556','','CA thành phố ĐÀ Nẵng',0,'2022-09-20 04:43:42','2022-09-20 04:43:42'),(25,'Vượt đèn đỏ','2022-09-12','12A44556','','CA thành phố ĐÀ Nẵng',0,'2022-09-20 04:55:58','2022-09-20 04:55:58'),(26,'Vượt đèn đỏ','2022-09-12','12A44556','','CA thành phố ĐÀ Nẵng',0,'2022-09-20 04:57:20','2022-09-20 04:57:20'),(27,'Vượt đèn đỏ','2022-09-12','12A44556','','CA thành phố ĐÀ Nẵng',0,'2022-09-20 06:44:23','2022-09-20 06:44:23'),(28,'Vượt đèn đỏ','2022-09-13','12A44556','','CA thành phố ĐÀ Nẵng',0,'2022-09-20 06:52:03','2022-09-20 06:52:03'),(29,'Vượt đèn đỏ','2022-09-13','12A44556','','CA thành phố ĐÀ Nẵng',0,'2022-09-20 06:54:02','2022-09-20 06:54:02'),(30,'Vượt đèn đỏ','2022-07-26','43A12345','việt','Phòng CSGT quận Thanh Khê',0,'2022-09-20 10:26:42','2022-09-20 10:26:42'),(31,'Đi sai làn đường','2022-04-26','43C22322','Phương Trinh','Phòng CSGT quận Hải Châu',0,'2022-09-20 10:26:42','2022-09-20 10:26:42'),(32,'Đi sai làn đường','2022-06-27','43C22343','Thanh Thủy','Phòng CSGT quận Hải Châu',0,'2022-09-20 10:26:42','2022-09-20 10:26:42'),(33,'Đi sai làn đường','2022-09-14','43C94733','Anh Thư','Phòng CSGT quận Hải Châu',0,'2022-09-20 10:26:42','2022-09-20 10:26:42'),(34,'Đi sai làn đường','2022-04-23','43C94635','Xuân Tài','Phòng CSGT quận Hải Châu',0,'2022-09-20 10:26:42','2022-09-20 10:26:42'),(36,'Vượt đèn đỏ','2022-09-13','43D19499','','CSGT Thành phố Đà nẵng',1,'2022-09-30 03:31:27','2022-12-28 08:02:51'),(37,'Vượt đèn đỏ','2022-09-30','74000999','Vo Van Nam','CSGT Thành phố Đà nẵng',0,'2022-09-30 03:56:50','2022-09-30 03:56:50'),(38,'Tông xe gây tai nạn rồi bỏ trốn khỏi hiện trường','2022-09-16','43C00001','Nguyễn Văn A','Công an Đà Nẵng',1,'2022-09-30 08:56:28','2022-12-25 06:16:47'),(39,'Vượt đèn đỏ','2022-09-22','43C00001','Nguyễn Văn A','Công an Đà Nẵng',1,'2022-09-30 08:58:02','2022-12-25 06:16:47'),(40,'Vượt đèn đỏ','2022-09-30','43C00002','Vo Van Viet','CA thành phố ĐÀ Nẵng',0,'2022-09-30 09:25:20','2022-09-30 09:25:20'),(41,'Lấn làn','2022-09-23','43H38574','Hải','CA giao thông TP',0,'2022-09-30 09:25:46','2022-09-30 09:27:41'),(42,'Lấn làn','2022-09-22','12A44556','','CA giao thông TP',0,'2022-09-30 09:28:54','2022-09-30 09:28:54'),(43,'Vượt đèn đỏ','2022-09-29','43J71836','','CSGT Hải Châu',0,'2022-10-24 01:58:13','2022-10-24 02:00:11'),(44,'Vượt đèn đỏ','2022-11-25','43B02268','','CSGT Hải Châu',0,'2022-11-25 03:11:54','2022-11-25 03:11:54'),(45,'Tông xe bỏ trốn','2022-12-31','43D19499','','Công an Đà Nẵng',1,'2022-12-22 10:48:07','2022-12-28 08:02:51'),(46,'Tông xe bỏ trốn','2022-12-16','43D12345','','Công an Đà Nẵng',1,'2022-12-28 08:09:33','2023-01-03 09:04:23'),(47,'Lấn làn đường người đi bộ','2022-12-13','97E13848','Nguyễn Thế Xuân Hùng','Công an Đà Nẵng',0,'2023-01-04 08:05:49','2023-01-04 08:05:49');
/*!40000 ALTER TABLE `infringes` ENABLE KEYS */;
UNLOCK TABLES;

--
-- Table structure for table `notification_setting`
--

DROP TABLE IF EXISTS `notification_setting`;
/*!40101 SET @saved_cs_client     = @@character_set_client */;
/*!50503 SET character_set_client = utf8mb4 */;
CREATE TABLE `notification_setting` (
  `id` int NOT NULL AUTO_INCREMENT,
  `day_before_registry` int NOT NULL DEFAULT '10',
  `day_before_expired` int DEFAULT '10',
  `time` time NOT NULL DEFAULT '08:00:00',
  `status` tinyint DEFAULT '1',
  PRIMARY KEY (`id`)
) ENGINE=InnoDB AUTO_INCREMENT=3 DEFAULT CHARSET=utf8mb4 COLLATE=utf8mb4_0900_ai_ci;
/*!40101 SET character_set_client = @saved_cs_client */;

--
-- Dumping data for table `notification_setting`
--

LOCK TABLES `notification_setting` WRITE;
/*!40000 ALTER TABLE `notification_setting` DISABLE KEYS */;
INSERT INTO `notification_setting` VALUES (1,50,10,'16:21:00',1);
/*!40000 ALTER TABLE `notification_setting` ENABLE KEYS */;
UNLOCK TABLES;

--
-- Table structure for table `notification_types`
--

DROP TABLE IF EXISTS `notification_types`;
/*!40101 SET @saved_cs_client     = @@character_set_client */;
/*!50503 SET character_set_client = utf8mb4 */;
CREATE TABLE `notification_types` (
  `id` int NOT NULL AUTO_INCREMENT,
  `name` varchar(100) CHARACTER SET utf8mb4 COLLATE utf8mb4_unicode_ci NOT NULL,
  PRIMARY KEY (`id`)
) ENGINE=InnoDB AUTO_INCREMENT=11 DEFAULT CHARSET=utf8mb4 COLLATE=utf8mb4_unicode_ci;
/*!40101 SET character_set_client = @saved_cs_client */;

--
-- Dumping data for table `notification_types`
--

LOCK TABLES `notification_types` WRITE;
/*!40000 ALTER TABLE `notification_types` DISABLE KEYS */;
INSERT INTO `notification_types` VALUES (1,' Xe gần tới hạn đăng kiểm'),(2,' Xe có lịch đăng kiểm'),(3,'Thông báo chung cho hệ thống'),(4,'Xe có lỗi vi phạm mới'),(5,'Có xe vừa mới đăng kí'),(6,'Xe hoàn thành đăng kiểm'),(7,'Xe không hoàn thành đăng kiểm'),(8,'Phân công nhận xe'),(9,'Xe đã hoàn thành phí và lệ phí'),(10,'Đổi phân công đăng kiểm hộ');
/*!40000 ALTER TABLE `notification_types` ENABLE KEYS */;
UNLOCK TABLES;

--
-- Table structure for table `notifications`
--

DROP TABLE IF EXISTS `notifications`;
/*!40101 SET @saved_cs_client     = @@character_set_client */;
/*!50503 SET character_set_client = utf8mb4 */;
CREATE TABLE `notifications` (
  `id` int NOT NULL AUTO_INCREMENT,
  `notification_type_id` int NOT NULL,
  `user_id` int NOT NULL,
  `content` varchar(225) CHARACTER SET utf8mb4 COLLATE utf8mb4_unicode_ci NOT NULL,
  `is_read` tinyint(1) NOT NULL DEFAULT '0',
  `is_send` tinyint(1) NOT NULL DEFAULT '1',
  `create_at` timestamp NULL DEFAULT CURRENT_TIMESTAMP,
  `data` varchar(225) COLLATE utf8mb4_unicode_ci DEFAULT NULL,
  `registry_id` int DEFAULT NULL,
  PRIMARY KEY (`id`),
  KEY `fk_notifications_1_idx` (`notification_type_id`),
  KEY `user_id` (`user_id`),
  CONSTRAINT `fk_notifications_1` FOREIGN KEY (`notification_type_id`) REFERENCES `notification_types` (`id`),
  CONSTRAINT `notifications_ibfk_1` FOREIGN KEY (`user_id`) REFERENCES `users` (`id`) ON DELETE RESTRICT ON UPDATE RESTRICT
) ENGINE=InnoDB AUTO_INCREMENT=1157 DEFAULT CHARSET=utf8mb4 COLLATE=utf8mb4_unicode_ci;
/*!40101 SET character_set_client = @saved_cs_client */;

--
-- Dumping data for table `notifications`
--

LOCK TABLES `notifications` WRITE;
/*!40000 ALTER TABLE `notifications` DISABLE KEYS */;
INSERT INTO `notifications` VALUES (895,2,1,'Xe 98K12849 có lịch đăng kiểm vào ngày 14/1/2023.',1,1,'2023-01-03 04:45:00','98K12849',NULL),(896,2,1,'Xe 51D11100 có lịch đăng kiểm vào ngày 7/1/2023.',1,1,'2023-01-03 04:45:00','51D11100',NULL),(897,2,1,'Xe 43D12345 có lịch đăng kiểm vào ngày 12/1/2023.',1,1,'2023-01-03 04:45:00','43D12345',NULL),(898,1,1,'Xe 43D12345 sẽ hết hạn đăng kiểm vào ngày  8/10/2023.',1,1,'2023-01-03 04:45:00','43D12345',NULL),(899,1,1,'Xe 43A51596 sẽ hết hạn đăng kiểm vào ngày  8/10/2023.',1,1,'2023-01-03 04:45:00','43A51596',NULL),(900,1,1,'Xe 98K12849 sẽ hết hạn đăng kiểm vào ngày  19/5/2023.',1,1,'2023-01-03 04:45:00','98K12849',NULL),(901,1,5,'Xe 43C44565 sẽ hết hạn đăng kiểm vào ngày  25/9/2023.',0,1,'2023-01-03 04:45:00','43C44565',NULL),(902,1,5,'Xe 43A66767 sẽ hết hạn đăng kiểm vào ngày  16/9/2023.',0,1,'2023-01-03 04:45:00','43A66767',NULL),(903,1,1,'Xe 92D33322 sẽ hết hạn đăng kiểm vào ngày  29/1/2023.',1,1,'2023-01-03 04:45:00','92D33322',NULL),(904,1,1,'Xe 74A00999 sẽ hết hạn đăng kiểm vào ngày  18/5/2023.',0,1,'2023-01-03 04:45:00','74A00999',NULL),(905,1,1,'Xe 43C00001 sẽ hết hạn đăng kiểm vào ngày  26/5/2023.',0,1,'2023-01-03 04:45:00','43C00001',NULL),(906,1,1,'Xe 43A13567 sẽ hết hạn đăng kiểm vào ngày  25/3/2023.',0,1,'2023-01-03 04:45:00','43A13567',NULL),(907,1,1,'Xe 97E13848 sẽ hết hạn đăng kiểm vào ngày  23/2/2023.',0,1,'2023-01-03 04:45:00','97E13848',NULL),(908,1,1,'Xe 87A11234 sẽ hết hạn đăng kiểm vào ngày  28/4/2023.',0,1,'2023-01-03 04:45:00','87A11234',NULL),(909,1,1,'Xe 43D19499 sẽ hết hạn đăng kiểm vào ngày  24/2/2023.',0,1,'2023-01-03 04:45:00','43D19499',NULL),(910,1,1,'Xe 31A00033 sẽ hết hạn đăng kiểm vào ngày  31/1/2023.',0,1,'2023-01-03 04:45:00','31A00033',NULL),(911,2,1,'Xe 98K12849 của bạn có lịch đăng kiểm vào ngày 14/1/2023.',1,1,'2023-01-03 06:31:00','98K12849',173),(912,2,1,'Xe 51D11100 của bạn có lịch đăng kiểm vào ngày 7/1/2023.',1,1,'2023-01-03 06:31:00','51D11100',174),(913,2,1,'Xe 43D12345 của bạn có lịch đăng kiểm vào ngày 12/1/2023.',1,1,'2023-01-03 06:31:00','43D12345',176),(914,1,1,'Xe 43D12345 của bạn sẽ hết hạn đăng kiểm vào ngày  8/10/2023.',1,1,'2023-01-03 06:31:00','43D12345',56),(915,1,5,'Xe 43C44565 của bạn sẽ hết hạn đăng kiểm vào ngày  25/9/2023.',0,1,'2023-01-03 06:31:00','43C44565',98),(916,1,5,'Xe 43A66767 của bạn sẽ hết hạn đăng kiểm vào ngày  16/9/2023.',0,1,'2023-01-03 06:31:00','43A66767',110),(917,1,1,'Xe 92D33322 của bạn sẽ hết hạn đăng kiểm vào ngày  29/1/2023.',1,1,'2023-01-03 06:31:00','92D33322',160),(918,1,1,'Xe 74A00999 của bạn sẽ hết hạn đăng kiểm vào ngày  18/5/2023.',1,1,'2023-01-03 06:31:00','74A00999',165),(919,1,1,'Xe 43C00001 của bạn sẽ hết hạn đăng kiểm vào ngày  26/5/2023.',1,1,'2023-01-03 06:31:00','43C00001',167),(920,1,1,'Xe 43A13567 của bạn sẽ hết hạn đăng kiểm vào ngày  25/3/2023.',1,1,'2023-01-03 06:31:00','43A13567',168),(921,1,1,'Xe 97E13848 của bạn sẽ hết hạn đăng kiểm vào ngày  23/2/2023.',1,1,'2023-01-03 06:31:00','97E13848',169),(922,1,1,'Xe 87A11234 của bạn sẽ hết hạn đăng kiểm vào ngày  28/4/2023.',1,1,'2023-01-03 06:31:00','87A11234',171),(923,1,1,'Xe 43D19499 của bạn sẽ hết hạn đăng kiểm vào ngày  24/2/2023.',0,1,'2023-01-03 06:31:00','43D19499',172),(924,1,1,'Xe 31A00033 của bạn sẽ hết hạn đăng kiểm vào ngày  31/1/2023.',0,1,'2023-01-03 06:31:00','31A00033',175),(925,6,5,'Xe 43C44565 đạt đăng kí đăng kiểm',0,1,'2023-01-03 07:29:06','43C44565',98),(926,7,1,'Xe 43D19499 không đạt đăng kí đăng kiểm',1,1,'2023-01-03 07:29:11','43D19499',99),(927,6,1,'Xe 43D12345 đạt đăng kí đăng kiểm',1,1,'2023-01-03 09:04:23','43D12345',176),(928,5,13,'Xe 51E00112 vừa đăng kí đăng kiểm',0,1,'2023-01-03 09:38:05','51E00112',178),(929,5,15,'Xe 51E00112 vừa đăng kí đăng kiểm',1,1,'2023-01-03 09:38:05','51E00112',178),(930,5,18,'Xe 51E00112 vừa đăng kí đăng kiểm',0,1,'2023-01-03 09:38:05','51E00112',178),(931,5,21,'Xe 51E00112 vừa đăng kí đăng kiểm',0,1,'2023-01-03 09:38:05','51E00112',178),(932,5,13,'Xe 97E13848 vừa đăng kí đăng kiểm',0,1,'2023-01-04 01:54:26','97E13848',179),(933,5,15,'Xe 97E13848 vừa đăng kí đăng kiểm',1,1,'2023-01-04 01:54:26','97E13848',179),(934,5,18,'Xe 97E13848 vừa đăng kí đăng kiểm',0,1,'2023-01-04 01:54:26','97E13848',179),(935,5,21,'Xe 97E13848 vừa đăng kí đăng kiểm',0,1,'2023-01-04 01:54:26','97E13848',179),(936,2,1,'Xe 98K12849 của bạn có lịch đăng kiểm vào ngày 14/1/2023.',1,1,'2023-01-04 03:00:00','98K12849',173),(937,2,1,'Xe 51D11100 của bạn có lịch đăng kiểm vào ngày 7/1/2023.',1,1,'2023-01-04 03:00:00','51D11100',174),(938,2,1,'Xe 98K12849 của bạn có lịch đăng kiểm vào ngày 14/1/2023.',0,1,'2023-01-04 09:21:00','98K12849',173),(939,2,1,'Xe 51D11100 của bạn có lịch đăng kiểm vào ngày 7/1/2023.',0,1,'2023-01-04 09:21:00','51D11100',174),(940,2,1,'Xe 51E00112 của bạn có lịch đăng kiểm vào ngày 23/2/2023.',1,1,'2023-01-04 09:21:00','51E00112',178),(941,2,1,'Xe 97E13848 của bạn có lịch đăng kiểm vào ngày 22/2/2023.',0,1,'2023-01-04 09:21:00','97E13848',179),(942,6,1,'Xe 97E13848 đạt đăng kí đăng kiểm',1,1,'2023-01-04 09:24:15','97E13848',179),(943,5,13,'Xe 92D33322 vừa đăng kí đăng kiểm',0,1,'2023-01-04 09:26:01','92D33322',181),(944,5,15,'Xe 92D33322 vừa đăng kí đăng kiểm',0,1,'2023-01-04 09:26:01','92D33322',181),(945,5,18,'Xe 92D33322 vừa đăng kí đăng kiểm',0,1,'2023-01-04 09:26:01','92D33322',181),(946,5,21,'Xe 92D33322 vừa đăng kí đăng kiểm',0,1,'2023-01-04 09:26:01','92D33322',181),(947,6,5,'Xe 43A66767 đạt đăng kí đăng kiểm',0,1,'2023-01-05 03:49:06','43A66767',111),(948,7,5,'Xe 43C44565 không đạt đăng kí đăng kiểm',1,1,'2023-01-05 03:49:10','43C44565',112),(949,2,1,'Xe 98K12849 của bạn có lịch đăng kiểm vào ngày 14/1/2023.',0,1,'2023-01-05 09:21:00','98K12849',173),(950,2,1,'Xe 51D11100 của bạn có lịch đăng kiểm vào ngày 7/1/2023.',0,1,'2023-01-05 09:21:00','51D11100',174),(951,2,1,'Xe 51E00112 của bạn có lịch đăng kiểm vào ngày 23/2/2023.',0,1,'2023-01-05 09:21:00','51E00112',178),(952,2,1,'Xe 92D33322 của bạn có lịch đăng kiểm vào ngày 26/1/2023.',0,1,'2023-01-05 09:21:00','92D33322',181),(953,2,1,'Xe 98K12849 của bạn có lịch đăng kiểm vào ngày 14/1/2023.',1,1,'2023-01-06 09:21:00','98K12849',173),(954,2,1,'Xe 51D11100 của bạn có lịch đăng kiểm vào ngày 7/1/2023.',0,1,'2023-01-06 09:21:00','51D11100',174),(955,2,1,'Xe 51E00112 của bạn có lịch đăng kiểm vào ngày 23/2/2023.',1,1,'2023-01-06 09:21:00','51E00112',178),(956,2,1,'Xe 92D33322 của bạn có lịch đăng kiểm vào ngày 26/1/2023.',1,1,'2023-01-06 09:21:00','92D33322',181),(957,2,1,'Xe 98K12849 của bạn có lịch đăng kiểm vào ngày 14/1/2023.',0,1,'2023-01-07 09:21:00','98K12849',173),(958,2,1,'Xe 51E00112 của bạn có lịch đăng kiểm vào ngày 23/2/2023.',0,1,'2023-01-07 09:21:00','51E00112',178),(959,2,1,'Xe 92D33322 của bạn có lịch đăng kiểm vào ngày 26/1/2023.',0,1,'2023-01-07 09:21:00','92D33322',181),(960,2,1,'Xe 98K12849 của bạn có lịch đăng kiểm vào ngày 14/1/2023.',1,1,'2023-01-08 09:21:00','98K12849',173),(961,2,1,'Xe 51E00112 của bạn có lịch đăng kiểm vào ngày 23/2/2023.',0,1,'2023-01-08 09:21:00','51E00112',178),(962,2,1,'Xe 92D33322 của bạn có lịch đăng kiểm vào ngày 26/1/2023.',1,1,'2023-01-08 09:21:00','92D33322',181),(963,2,1,'Xe 98K12849 của bạn có lịch đăng kiểm vào ngày 14/1/2023.',0,1,'2023-01-09 09:21:00','98K12849',173),(964,2,1,'Xe 51E00112 của bạn có lịch đăng kiểm vào ngày 23/2/2023.',0,1,'2023-01-09 09:21:00','51E00112',178),(965,2,1,'Xe 92D33322 của bạn có lịch đăng kiểm vào ngày 26/1/2023.',0,1,'2023-01-09 09:21:00','92D33322',181),(966,2,1,'Xe 98K12849 của bạn có lịch đăng kiểm vào ngày 14/1/2023.',1,1,'2023-01-10 09:21:00','98K12849',173),(967,2,1,'Xe 51E00112 của bạn có lịch đăng kiểm vào ngày 23/2/2023.',0,1,'2023-01-10 09:21:00','51E00112',178),(968,2,1,'Xe 92D33322 của bạn có lịch đăng kiểm vào ngày 26/1/2023.',1,1,'2023-01-10 09:21:00','92D33322',181),(969,5,13,'Xe 74A00999 vừa đăng kí đăng kiểm',0,1,'2023-01-10 16:09:04','74A00999',182),(970,5,15,'Xe 74A00999 vừa đăng kí đăng kiểm',0,1,'2023-01-10 16:09:04','74A00999',182),(971,5,18,'Xe 74A00999 vừa đăng kí đăng kiểm',0,1,'2023-01-10 16:09:04','74A00999',182),(972,5,21,'Xe 74A00999 vừa đăng kí đăng kiểm',0,1,'2023-01-10 16:09:04','74A00999',182),(973,5,66,'Xe 74A00999 vừa đăng kí đăng kiểm',0,1,'2023-01-10 16:09:04','74A00999',182),(974,2,1,'Xe 98K12849 của bạn có lịch đăng kiểm vào ngày 14/1/2023.',1,1,'2023-01-11 09:21:00','98K12849',173),(975,2,1,'Xe 51E00112 của bạn có lịch đăng kiểm vào ngày 23/2/2023.',0,1,'2023-01-11 09:21:00','51E00112',178),(976,2,1,'Xe 92D33322 của bạn có lịch đăng kiểm vào ngày 26/1/2023.',0,1,'2023-01-11 09:21:00','92D33322',181),(977,2,1,'Xe 74A00999 của bạn có lịch đăng kiểm vào ngày 12/1/2023.',0,1,'2023-01-11 09:21:00','74A00999',182),(978,2,1,'Xe 98K12849 của bạn có lịch đăng kiểm vào ngày 14/1/2023.',0,1,'2023-01-12 09:21:00','98K12849',173),(979,2,1,'Xe 51E00112 của bạn có lịch đăng kiểm vào ngày 23/2/2023.',0,1,'2023-01-12 09:21:00','51E00112',178),(980,2,1,'Xe 92D33322 của bạn có lịch đăng kiểm vào ngày 26/1/2023.',0,1,'2023-01-12 09:21:00','92D33322',181),(981,7,5,'Xe 43A66767 không đạt đăng kí đăng kiểm',1,1,'2023-01-13 01:27:38','43A66767',111),(982,2,1,'Xe 98K12849 của bạn có lịch đăng kiểm vào ngày 14/1/2023.',0,1,'2023-01-13 09:21:00','98K12849',173),(983,2,1,'Xe 51E00112 của bạn có lịch đăng kiểm vào ngày 23/2/2023.',0,1,'2023-01-13 09:21:00','51E00112',178),(984,2,1,'Xe 92D33322 của bạn có lịch đăng kiểm vào ngày 26/1/2023.',0,1,'2023-01-13 09:21:00','92D33322',181),(985,1,1,'Xe 43D12345 của bạn sẽ hết hạn đăng kiểm vào ngày  20/1/2023.',0,1,'2023-01-13 09:21:00','43D12345',65),(986,2,1,'Xe 51E00112 của bạn có lịch đăng kiểm vào ngày 23/2/2023.',0,1,'2023-01-14 09:21:00','51E00112',178),(987,2,1,'Xe 92D33322 của bạn có lịch đăng kiểm vào ngày 26/1/2023.',0,1,'2023-01-14 09:21:00','92D33322',181),(988,1,1,'Xe 43D12345 của bạn sẽ hết hạn đăng kiểm vào ngày  20/1/2023.',0,1,'2023-01-14 09:21:00','43D12345',65),(989,2,1,'Xe 51E00112 của bạn có lịch đăng kiểm vào ngày 23/2/2023.',0,1,'2023-01-15 09:21:00','51E00112',178),(990,2,1,'Xe 92D33322 của bạn có lịch đăng kiểm vào ngày 26/1/2023.',0,1,'2023-01-15 09:21:00','92D33322',181),(991,1,1,'Xe 43D12345 của bạn sẽ hết hạn đăng kiểm vào ngày  20/1/2023.',0,1,'2023-01-15 09:21:00','43D12345',65),(992,2,1,'Xe 51E00112 của bạn có lịch đăng kiểm vào ngày 23/2/2023.',0,1,'2023-01-16 09:21:00','51E00112',178),(993,2,1,'Xe 92D33322 của bạn có lịch đăng kiểm vào ngày 26/1/2023.',0,1,'2023-01-16 09:21:00','92D33322',181),(994,1,1,'Xe 43D12345 của bạn sẽ hết hạn đăng kiểm vào ngày  20/1/2023.',0,1,'2023-01-16 09:21:00','43D12345',65),(995,2,1,'Xe 51E00112 của bạn có lịch đăng kiểm vào ngày 23/2/2023.',0,1,'2023-01-17 09:21:00','51E00112',178),(996,2,1,'Xe 92D33322 của bạn có lịch đăng kiểm vào ngày 26/1/2023.',0,1,'2023-01-17 09:21:00','92D33322',181),(997,1,1,'Xe 43D12345 của bạn sẽ hết hạn đăng kiểm vào ngày  20/1/2023.',0,1,'2023-01-17 09:21:00','43D12345',65),(998,2,1,'Xe 51E00112 của bạn có lịch đăng kiểm vào ngày 23/2/2023.',0,1,'2023-01-18 09:21:00','51E00112',178),(999,2,1,'Xe 92D33322 của bạn có lịch đăng kiểm vào ngày 26/1/2023.',0,1,'2023-01-18 09:21:00','92D33322',181),(1000,1,1,'Xe 43D12345 của bạn sẽ hết hạn đăng kiểm vào ngày  20/1/2023.',0,1,'2023-01-18 09:21:00','43D12345',65),(1001,2,1,'Xe 51E00112 của bạn có lịch đăng kiểm vào ngày 23/2/2023.',0,1,'2023-01-19 09:21:00','51E00112',178),(1002,2,1,'Xe 92D33322 của bạn có lịch đăng kiểm vào ngày 26/1/2023.',0,1,'2023-01-19 09:21:00','92D33322',181),(1003,1,1,'Xe 43D12345 của bạn sẽ hết hạn đăng kiểm vào ngày  20/1/2023.',0,1,'2023-01-19 09:21:00','43D12345',65),(1004,1,1,'Xe 92D33322 của bạn sẽ hết hạn đăng kiểm vào ngày  29/1/2023.',0,1,'2023-01-19 09:21:00','92D33322',160),(1005,2,1,'Xe 51E00112 của bạn có lịch đăng kiểm vào ngày 23/2/2023.',0,1,'2023-01-20 09:21:00','51E00112',178),(1006,2,1,'Xe 92D33322 của bạn có lịch đăng kiểm vào ngày 26/1/2023.',0,1,'2023-01-20 09:21:00','92D33322',181),(1007,1,1,'Xe 43D12345 của bạn sẽ hết hạn đăng kiểm vào ngày  20/1/2023.',0,1,'2023-01-20 09:21:00','43D12345',65),(1008,1,1,'Xe 92D33322 của bạn sẽ hết hạn đăng kiểm vào ngày  29/1/2023.',0,1,'2023-01-20 09:21:00','92D33322',160),(1009,2,1,'Xe 51E00112 của bạn có lịch đăng kiểm vào ngày 23/2/2023.',1,1,'2023-01-21 09:21:00','51E00112',178),(1010,2,1,'Xe 92D33322 của bạn có lịch đăng kiểm vào ngày 26/1/2023.',0,1,'2023-01-21 09:21:00','92D33322',181),(1011,1,1,'Xe 92D33322 của bạn sẽ hết hạn đăng kiểm vào ngày  29/1/2023.',1,1,'2023-01-21 09:21:00','92D33322',160),(1012,1,1,'Xe 31A00033 của bạn sẽ hết hạn đăng kiểm vào ngày  31/1/2023.',0,1,'2023-01-21 09:21:00','31A00033',175),(1013,2,1,'Xe 51E00112 của bạn có lịch đăng kiểm vào ngày 23/2/2023.',0,1,'2023-01-22 09:21:00','51E00112',178),(1014,2,1,'Xe 92D33322 của bạn có lịch đăng kiểm vào ngày 26/1/2023.',0,1,'2023-01-22 09:21:00','92D33322',181),(1015,1,1,'Xe 92D33322 của bạn sẽ hết hạn đăng kiểm vào ngày  29/1/2023.',1,1,'2023-01-22 09:21:00','92D33322',160),(1016,1,1,'Xe 31A00033 của bạn sẽ hết hạn đăng kiểm vào ngày  31/1/2023.',1,1,'2023-01-22 09:21:00','31A00033',175),(1017,2,1,'Xe 51E00112 của bạn có lịch đăng kiểm vào ngày 23/2/2023.',0,1,'2023-01-23 09:21:00','51E00112',178),(1018,2,1,'Xe 92D33322 của bạn có lịch đăng kiểm vào ngày 26/1/2023.',0,1,'2023-01-23 09:21:00','92D33322',181),(1019,1,1,'Xe 92D33322 của bạn sẽ hết hạn đăng kiểm vào ngày  29/1/2023.',0,1,'2023-01-23 09:21:00','92D33322',160),(1020,1,1,'Xe 31A00033 của bạn sẽ hết hạn đăng kiểm vào ngày  31/1/2023.',0,1,'2023-01-23 09:21:00','31A00033',175),(1021,2,1,'Xe 51E00112 của bạn có lịch đăng kiểm vào ngày 23/2/2023.',0,1,'2023-01-24 09:21:00','51E00112',178),(1022,2,1,'Xe 92D33322 của bạn có lịch đăng kiểm vào ngày 26/1/2023.',0,1,'2023-01-24 09:21:00','92D33322',181),(1023,1,1,'Xe 92D33322 của bạn sẽ hết hạn đăng kiểm vào ngày  29/1/2023.',0,1,'2023-01-24 09:21:00','92D33322',160),(1024,1,1,'Xe 31A00033 của bạn sẽ hết hạn đăng kiểm vào ngày  31/1/2023.',0,1,'2023-01-24 09:21:00','31A00033',175),(1025,2,1,'Xe 51E00112 của bạn có lịch đăng kiểm vào ngày 23/2/2023.',0,1,'2023-01-25 09:21:00','51E00112',178),(1026,2,1,'Xe 92D33322 của bạn có lịch đăng kiểm vào ngày 26/1/2023.',0,1,'2023-01-25 09:21:00','92D33322',181),(1027,1,1,'Xe 92D33322 của bạn sẽ hết hạn đăng kiểm vào ngày  29/1/2023.',0,1,'2023-01-25 09:21:00','92D33322',160),(1028,1,1,'Xe 31A00033 của bạn sẽ hết hạn đăng kiểm vào ngày  31/1/2023.',0,1,'2023-01-25 09:21:00','31A00033',175),(1029,2,1,'Xe 51E00112 của bạn có lịch đăng kiểm vào ngày 23/2/2023.',0,1,'2023-01-26 09:21:00','51E00112',178),(1030,1,1,'Xe 92D33322 của bạn sẽ hết hạn đăng kiểm vào ngày  29/1/2023.',0,1,'2023-01-26 09:21:00','92D33322',160),(1031,1,1,'Xe 31A00033 của bạn sẽ hết hạn đăng kiểm vào ngày  31/1/2023.',0,1,'2023-01-26 09:21:00','31A00033',175),(1032,2,1,'Xe 51E00112 của bạn có lịch đăng kiểm vào ngày 23/2/2023.',0,1,'2023-01-27 09:21:00','51E00112',178),(1033,1,1,'Xe 92D33322 của bạn sẽ hết hạn đăng kiểm vào ngày  29/1/2023.',0,1,'2023-01-27 09:21:00','92D33322',160),(1034,1,1,'Xe 31A00033 của bạn sẽ hết hạn đăng kiểm vào ngày  31/1/2023.',0,1,'2023-01-27 09:21:00','31A00033',175),(1035,2,1,'Xe 51E00112 của bạn có lịch đăng kiểm vào ngày 23/2/2023.',0,1,'2023-01-28 09:21:00','51E00112',178),(1036,1,1,'Xe 92D33322 của bạn sẽ hết hạn đăng kiểm vào ngày  29/1/2023.',0,1,'2023-01-28 09:21:00','92D33322',160),(1037,1,1,'Xe 31A00033 của bạn sẽ hết hạn đăng kiểm vào ngày  31/1/2023.',0,1,'2023-01-28 09:21:00','31A00033',175),(1038,2,1,'Xe 51E00112 của bạn có lịch đăng kiểm vào ngày 23/2/2023.',0,1,'2023-01-29 09:21:00','51E00112',178),(1039,1,1,'Xe 92D33322 của bạn sẽ hết hạn đăng kiểm vào ngày  29/1/2023.',0,1,'2023-01-29 09:21:01','92D33322',160),(1040,1,1,'Xe 31A00033 của bạn sẽ hết hạn đăng kiểm vào ngày  31/1/2023.',0,1,'2023-01-29 09:21:01','31A00033',175),(1041,2,1,'Xe 51E00112 của bạn có lịch đăng kiểm vào ngày 23/2/2023.',0,1,'2023-01-30 09:21:00','51E00112',178),(1042,1,1,'Xe 31A00033 của bạn sẽ hết hạn đăng kiểm vào ngày  31/1/2023.',0,1,'2023-01-30 09:21:00','31A00033',175),(1043,2,1,'Xe 51E00112 của bạn có lịch đăng kiểm vào ngày 23/2/2023.',0,1,'2023-01-31 09:21:00','51E00112',178),(1044,1,1,'Xe 31A00033 của bạn sẽ hết hạn đăng kiểm vào ngày  31/1/2023.',0,1,'2023-01-31 09:21:00','31A00033',175),(1045,2,1,'Xe 51E00112 của bạn có lịch đăng kiểm vào ngày 23/2/2023.',0,1,'2023-02-01 09:21:00','51E00112',178),(1046,2,1,'Xe 51E00112 của bạn có lịch đăng kiểm vào ngày 23/2/2023.',0,1,'2023-02-02 09:21:00','51E00112',178),(1047,2,1,'Xe 51E00112 của bạn có lịch đăng kiểm vào ngày 23/2/2023.',0,1,'2023-02-03 09:21:00','51E00112',178),(1048,2,1,'Xe 51E00112 của bạn có lịch đăng kiểm vào ngày 23/2/2023.',1,1,'2023-02-04 09:21:00','51E00112',178),(1049,2,1,'Xe 51E00112 của bạn có lịch đăng kiểm vào ngày 23/2/2023.',1,1,'2023-02-05 09:21:00','51E00112',178),(1050,2,1,'Xe 51E00112 của bạn có lịch đăng kiểm vào ngày 23/2/2023.',1,1,'2023-02-06 09:21:00','51E00112',178),(1051,2,1,'Xe 51E00112 của bạn có lịch đăng kiểm vào ngày 23/2/2023.',1,1,'2023-02-07 09:21:00','51E00112',178),(1052,2,1,'Xe 51E00112 của bạn có lịch đăng kiểm vào ngày 23/2/2023.',1,1,'2023-02-08 09:21:00','51E00112',178),(1053,5,13,'Xe 43A13567 vừa đăng kí đăng kiểm',0,1,'2023-02-09 02:10:17','43A13567',184),(1054,5,18,'Xe 43A13567 vừa đăng kí đăng kiểm',0,1,'2023-02-09 02:10:17','43A13567',184),(1055,5,15,'Xe 43A13567 vừa đăng kí đăng kiểm',0,1,'2023-02-09 02:10:17','43A13567',184),(1056,5,21,'Xe 43A13567 vừa đăng kí đăng kiểm',0,1,'2023-02-09 02:10:17','43A13567',184),(1057,5,66,'Xe 43A13567 vừa đăng kí đăng kiểm',0,1,'2023-02-09 02:10:17','43A13567',184),(1058,2,1,'Xe 51E00112 của bạn có lịch đăng kiểm vào ngày 23/2/2023.',0,1,'2023-02-09 09:21:00','51E00112',178),(1059,2,1,'Xe 51E00112 của bạn có lịch đăng kiểm vào ngày 23/2/2023.',0,1,'2023-02-10 09:21:00','51E00112',178),(1060,2,1,'Xe 51E00112 của bạn có lịch đăng kiểm vào ngày 23/2/2023.',0,1,'2023-02-11 09:21:00','51E00112',178),(1061,2,1,'Xe 51E00112 của bạn có lịch đăng kiểm vào ngày 23/2/2023.',0,1,'2023-02-12 09:21:00','51E00112',178),(1062,2,1,'Xe 51E00112 của bạn có lịch đăng kiểm vào ngày 23/2/2023.',0,1,'2023-02-13 09:21:00','51E00112',178),(1063,1,1,'Xe 97E13848 của bạn sẽ hết hạn đăng kiểm vào ngày  23/2/2023.',0,1,'2023-02-13 09:21:00','97E13848',169),(1064,2,1,'Xe 51E00112 của bạn có lịch đăng kiểm vào ngày 23/2/2023.',0,1,'2023-02-14 09:21:00','51E00112',178),(1065,1,1,'Xe 97E13848 của bạn sẽ hết hạn đăng kiểm vào ngày  23/2/2023.',0,1,'2023-02-14 09:21:00','97E13848',169),(1066,1,1,'Xe 43D19499 của bạn sẽ hết hạn đăng kiểm vào ngày  24/2/2023.',0,1,'2023-02-14 09:21:00','43D19499',172),(1067,2,1,'Xe 51E00112 của bạn có lịch đăng kiểm vào ngày 23/2/2023.',0,1,'2023-02-15 09:21:00','51E00112',178),(1068,1,1,'Xe 97E13848 của bạn sẽ hết hạn đăng kiểm vào ngày  23/2/2023.',0,1,'2023-02-15 09:21:00','97E13848',169),(1069,1,1,'Xe 43D19499 của bạn sẽ hết hạn đăng kiểm vào ngày  24/2/2023.',0,1,'2023-02-15 09:21:00','43D19499',172),(1070,2,1,'Xe 51E00112 của bạn có lịch đăng kiểm vào ngày 23/2/2023.',0,1,'2023-02-16 09:21:00','51E00112',178),(1071,1,1,'Xe 97E13848 của bạn sẽ hết hạn đăng kiểm vào ngày  23/2/2023.',0,1,'2023-02-16 09:21:00','97E13848',169),(1072,1,1,'Xe 43D19499 của bạn sẽ hết hạn đăng kiểm vào ngày  24/2/2023.',1,1,'2023-02-16 09:21:00','43D19499',172),(1073,2,1,'Xe 51E00112 của bạn có lịch đăng kiểm vào ngày 23/2/2023.',0,1,'2023-02-17 09:21:00','51E00112',178),(1074,1,1,'Xe 97E13848 của bạn sẽ hết hạn đăng kiểm vào ngày  23/2/2023.',0,1,'2023-02-17 09:21:00','97E13848',169),(1075,1,1,'Xe 43D19499 của bạn sẽ hết hạn đăng kiểm vào ngày  24/2/2023.',0,1,'2023-02-17 09:21:00','43D19499',172),(1076,2,1,'Xe 51E00112 của bạn có lịch đăng kiểm vào ngày 23/2/2023.',0,1,'2023-02-18 09:21:00','51E00112',178),(1077,1,1,'Xe 97E13848 của bạn sẽ hết hạn đăng kiểm vào ngày  23/2/2023.',0,1,'2023-02-18 09:21:00','97E13848',169),(1078,1,1,'Xe 43D19499 của bạn sẽ hết hạn đăng kiểm vào ngày  24/2/2023.',0,1,'2023-02-18 09:21:00','43D19499',172),(1079,2,1,'Xe 51E00112 của bạn có lịch đăng kiểm vào ngày 23/2/2023.',0,1,'2023-02-19 09:21:00','51E00112',178),(1080,1,1,'Xe 97E13848 của bạn sẽ hết hạn đăng kiểm vào ngày  23/2/2023.',0,1,'2023-02-19 09:21:00','97E13848',169),(1081,1,1,'Xe 43D19499 của bạn sẽ hết hạn đăng kiểm vào ngày  24/2/2023.',0,1,'2023-02-19 09:21:00','43D19499',172),(1082,2,1,'Xe 51E00112 của bạn có lịch đăng kiểm vào ngày 23/2/2023.',0,1,'2023-02-20 09:21:00','51E00112',178),(1083,1,1,'Xe 97E13848 của bạn sẽ hết hạn đăng kiểm vào ngày  23/2/2023.',0,1,'2023-02-20 09:21:00','97E13848',169),(1084,1,1,'Xe 43D19499 của bạn sẽ hết hạn đăng kiểm vào ngày  24/2/2023.',0,1,'2023-02-20 09:21:00','43D19499',172),(1085,2,1,'Xe 51E00112 của bạn có lịch đăng kiểm vào ngày 23/2/2023.',0,1,'2023-02-21 09:21:00','51E00112',178),(1086,1,1,'Xe 97E13848 của bạn sẽ hết hạn đăng kiểm vào ngày  23/2/2023.',0,1,'2023-02-21 09:21:00','97E13848',169),(1087,1,1,'Xe 43D19499 của bạn sẽ hết hạn đăng kiểm vào ngày  24/2/2023.',0,1,'2023-02-21 09:21:00','43D19499',172),(1088,2,1,'Xe 51E00112 của bạn có lịch đăng kiểm vào ngày 23/2/2023.',0,1,'2023-02-22 09:21:00','51E00112',178),(1089,1,1,'Xe 97E13848 của bạn sẽ hết hạn đăng kiểm vào ngày  23/2/2023.',0,1,'2023-02-22 09:21:00','97E13848',169),(1090,1,1,'Xe 43D19499 của bạn sẽ hết hạn đăng kiểm vào ngày  24/2/2023.',0,1,'2023-02-22 09:21:00','43D19499',172),(1091,1,1,'Xe 97E13848 của bạn sẽ hết hạn đăng kiểm vào ngày  23/2/2023.',0,1,'2023-02-23 09:21:00','97E13848',169),(1092,1,1,'Xe 43D19499 của bạn sẽ hết hạn đăng kiểm vào ngày  24/2/2023.',0,1,'2023-02-23 09:21:00','43D19499',172),(1093,1,1,'Xe 43D19499 của bạn sẽ hết hạn đăng kiểm vào ngày  24/2/2023.',0,1,'2023-02-24 09:21:00','43D19499',172),(1094,1,1,'Xe 43A13567 của bạn sẽ hết hạn đăng kiểm vào ngày  25/3/2023.',0,1,'2023-03-15 09:21:00','43A13567',168),(1095,1,1,'Xe 43A13567 của bạn sẽ hết hạn đăng kiểm vào ngày  25/3/2023.',0,1,'2023-03-16 09:21:00','43A13567',168),(1096,1,1,'Xe 43A13567 của bạn sẽ hết hạn đăng kiểm vào ngày  25/3/2023.',0,1,'2023-03-17 09:21:00','43A13567',168),(1097,1,1,'Xe 43A13567 của bạn sẽ hết hạn đăng kiểm vào ngày  25/3/2023.',0,1,'2023-03-18 09:21:00','43A13567',168),(1098,1,1,'Xe 43A13567 của bạn sẽ hết hạn đăng kiểm vào ngày  25/3/2023.',0,1,'2023-03-19 09:21:00','43A13567',168),(1099,1,1,'Xe 43A13567 của bạn sẽ hết hạn đăng kiểm vào ngày  25/3/2023.',0,1,'2023-03-20 09:21:00','43A13567',168),(1100,1,1,'Xe 43A13567 của bạn sẽ hết hạn đăng kiểm vào ngày  25/3/2023.',0,1,'2023-03-21 09:21:00','43A13567',168),(1101,1,1,'Xe 43A13567 của bạn sẽ hết hạn đăng kiểm vào ngày  25/3/2023.',0,1,'2023-03-22 09:21:00','43A13567',168),(1102,1,1,'Xe 43A13567 của bạn sẽ hết hạn đăng kiểm vào ngày  25/3/2023.',0,1,'2023-03-23 09:21:00','43A13567',168),(1103,1,1,'Xe 43A13567 của bạn sẽ hết hạn đăng kiểm vào ngày  25/3/2023.',0,1,'2023-03-24 09:21:00','43A13567',168),(1104,1,1,'Xe 43A13567 của bạn sẽ hết hạn đăng kiểm vào ngày  25/3/2023.',0,1,'2023-03-25 09:21:00','43A13567',168),(1105,1,1,'Xe 43D12345 của bạn sẽ hết hạn đăng kiểm vào ngày  15/4/2023.',0,1,'2023-04-05 09:21:00','43D12345',176),(1106,1,1,'Xe 43D12345 của bạn sẽ hết hạn đăng kiểm vào ngày  15/4/2023.',0,1,'2023-04-06 09:21:00','43D12345',176),(1107,1,1,'Xe 43D12345 của bạn sẽ hết hạn đăng kiểm vào ngày  15/4/2023.',0,1,'2023-04-07 09:21:00','43D12345',176),(1108,1,1,'Xe 43D12345 của bạn sẽ hết hạn đăng kiểm vào ngày  15/4/2023.',0,1,'2023-04-08 09:21:00','43D12345',176),(1109,1,1,'Xe 43D12345 của bạn sẽ hết hạn đăng kiểm vào ngày  15/4/2023.',0,1,'2023-04-09 09:21:00','43D12345',176),(1110,1,1,'Xe 43D12345 của bạn sẽ hết hạn đăng kiểm vào ngày  15/4/2023.',0,1,'2023-04-10 09:21:00','43D12345',176),(1111,1,1,'Xe 43D12345 của bạn sẽ hết hạn đăng kiểm vào ngày  15/4/2023.',0,1,'2023-04-11 09:21:00','43D12345',176),(1112,1,1,'Xe 43D12345 của bạn sẽ hết hạn đăng kiểm vào ngày  15/4/2023.',0,1,'2023-04-12 09:21:00','43D12345',176),(1113,1,1,'Xe 43D12345 của bạn sẽ hết hạn đăng kiểm vào ngày  15/4/2023.',0,1,'2023-04-13 09:21:00','43D12345',176),(1114,1,1,'Xe 43D12345 của bạn sẽ hết hạn đăng kiểm vào ngày  15/4/2023.',0,1,'2023-04-14 09:21:00','43D12345',176),(1115,1,1,'Xe 43D12345 của bạn sẽ hết hạn đăng kiểm vào ngày  15/4/2023.',0,1,'2023-04-15 09:21:00','43D12345',176),(1116,1,1,'Xe 87A11234 của bạn sẽ hết hạn đăng kiểm vào ngày  28/4/2023.',0,1,'2023-04-18 09:21:00','87A11234',171),(1117,1,1,'Xe 87A11234 của bạn sẽ hết hạn đăng kiểm vào ngày  28/4/2023.',0,1,'2023-04-19 09:21:00','87A11234',171),(1118,1,1,'Xe 87A11234 của bạn sẽ hết hạn đăng kiểm vào ngày  28/4/2023.',0,1,'2023-04-20 09:21:00','87A11234',171),(1119,1,1,'Xe 87A11234 của bạn sẽ hết hạn đăng kiểm vào ngày  28/4/2023.',0,1,'2023-04-21 09:21:00','87A11234',171),(1120,1,1,'Xe 87A11234 của bạn sẽ hết hạn đăng kiểm vào ngày  28/4/2023.',0,1,'2023-04-22 09:21:00','87A11234',171),(1121,1,1,'Xe 87A11234 của bạn sẽ hết hạn đăng kiểm vào ngày  28/4/2023.',0,1,'2023-04-23 09:21:00','87A11234',171),(1122,1,1,'Xe 87A11234 của bạn sẽ hết hạn đăng kiểm vào ngày  28/4/2023.',0,1,'2023-04-24 09:21:00','87A11234',171),(1123,1,1,'Xe 87A11234 của bạn sẽ hết hạn đăng kiểm vào ngày  28/4/2023.',0,1,'2023-04-25 09:21:00','87A11234',171),(1124,1,1,'Xe 87A11234 của bạn sẽ hết hạn đăng kiểm vào ngày  28/4/2023.',0,1,'2023-04-26 09:21:00','87A11234',171),(1125,1,1,'Xe 87A11234 của bạn sẽ hết hạn đăng kiểm vào ngày  28/4/2023.',0,1,'2023-04-27 09:21:00','87A11234',171),(1126,1,1,'Xe 87A11234 của bạn sẽ hết hạn đăng kiểm vào ngày  28/4/2023.',0,1,'2023-04-28 09:21:00','87A11234',171),(1127,1,1,'Xe 74A00999 của bạn sẽ hết hạn đăng kiểm vào ngày  18/5/2023.',0,1,'2023-05-08 09:21:00','74A00999',165),(1128,1,1,'Xe 97E13848 của bạn sẽ hết hạn đăng kiểm vào ngày  18/5/2023.',0,1,'2023-05-08 09:21:00','97E13848',179),(1129,1,1,'Xe 74A00999 của bạn sẽ hết hạn đăng kiểm vào ngày  18/5/2023.',0,1,'2023-05-09 09:21:00','74A00999',165),(1130,1,1,'Xe 97E13848 của bạn sẽ hết hạn đăng kiểm vào ngày  18/5/2023.',0,1,'2023-05-09 09:21:00','97E13848',179),(1131,1,1,'Xe 74A00999 của bạn sẽ hết hạn đăng kiểm vào ngày  18/5/2023.',0,1,'2023-05-10 09:21:00','74A00999',165),(1132,1,1,'Xe 97E13848 của bạn sẽ hết hạn đăng kiểm vào ngày  18/5/2023.',0,1,'2023-05-10 09:21:00','97E13848',179),(1133,1,1,'Xe 74A00999 của bạn sẽ hết hạn đăng kiểm vào ngày  18/5/2023.',0,1,'2023-05-11 09:21:00','74A00999',165),(1134,1,1,'Xe 97E13848 của bạn sẽ hết hạn đăng kiểm vào ngày  18/5/2023.',0,1,'2023-05-11 09:21:00','97E13848',179),(1135,1,1,'Xe 74A00999 của bạn sẽ hết hạn đăng kiểm vào ngày  18/5/2023.',0,1,'2023-05-12 09:21:00','74A00999',165),(1136,1,1,'Xe 97E13848 của bạn sẽ hết hạn đăng kiểm vào ngày  18/5/2023.',0,1,'2023-05-12 09:21:00','97E13848',179),(1137,1,1,'Xe 74A00999 của bạn sẽ hết hạn đăng kiểm vào ngày  18/5/2023.',0,1,'2023-05-13 09:21:00','74A00999',165),(1138,1,1,'Xe 97E13848 của bạn sẽ hết hạn đăng kiểm vào ngày  18/5/2023.',0,1,'2023-05-13 09:21:00','97E13848',179),(1139,1,1,'Xe 74A00999 của bạn sẽ hết hạn đăng kiểm vào ngày  18/5/2023.',0,1,'2023-05-14 09:21:00','74A00999',165),(1140,1,1,'Xe 97E13848 của bạn sẽ hết hạn đăng kiểm vào ngày  18/5/2023.',0,1,'2023-05-14 09:21:00','97E13848',179),(1141,1,1,'Xe 74A00999 của bạn sẽ hết hạn đăng kiểm vào ngày  18/5/2023.',0,1,'2023-05-15 09:21:00','74A00999',165),(1142,1,1,'Xe 97E13848 của bạn sẽ hết hạn đăng kiểm vào ngày  18/5/2023.',0,1,'2023-05-15 09:21:00','97E13848',179),(1143,1,1,'Xe 74A00999 của bạn sẽ hết hạn đăng kiểm vào ngày  18/5/2023.',0,1,'2023-05-16 09:21:01','74A00999',165),(1144,1,1,'Xe 43C00001 của bạn sẽ hết hạn đăng kiểm vào ngày  26/5/2023.',0,1,'2023-05-16 09:21:01','43C00001',167),(1145,1,1,'Xe 97E13848 của bạn sẽ hết hạn đăng kiểm vào ngày  18/5/2023.',0,1,'2023-05-16 09:21:01','97E13848',179),(1146,1,1,'Xe 74A00999 của bạn sẽ hết hạn đăng kiểm vào ngày  18/5/2023.',0,1,'2023-05-17 09:21:00','74A00999',165),(1147,1,1,'Xe 43C00001 của bạn sẽ hết hạn đăng kiểm vào ngày  26/5/2023.',0,1,'2023-05-17 09:21:00','43C00001',167),(1148,1,1,'Xe 97E13848 của bạn sẽ hết hạn đăng kiểm vào ngày  18/5/2023.',0,1,'2023-05-17 09:21:00','97E13848',179),(1149,1,1,'Xe 74A00999 của bạn sẽ hết hạn đăng kiểm vào ngày  18/5/2023.',0,1,'2023-05-18 09:21:00','74A00999',165),(1150,1,1,'Xe 43C00001 của bạn sẽ hết hạn đăng kiểm vào ngày  26/5/2023.',0,1,'2023-05-18 09:21:00','43C00001',167),(1151,1,1,'Xe 97E13848 của bạn sẽ hết hạn đăng kiểm vào ngày  18/5/2023.',0,1,'2023-05-18 09:21:00','97E13848',179),(1152,1,1,'Xe 43C00001 của bạn sẽ hết hạn đăng kiểm vào ngày  26/5/2023.',0,1,'2023-05-19 09:21:00','43C00001',167),(1153,1,1,'Xe 43C00001 của bạn sẽ hết hạn đăng kiểm vào ngày  26/5/2023.',0,1,'2023-05-20 09:21:00','43C00001',167),(1154,1,1,'Xe 43C00001 của bạn sẽ hết hạn đăng kiểm vào ngày  26/5/2023.',0,1,'2023-05-21 09:21:00','43C00001',167),(1155,1,1,'Xe 43C00001 của bạn sẽ hết hạn đăng kiểm vào ngày  26/5/2023.',0,1,'2023-05-22 09:21:00','43C00001',167),(1156,1,1,'Xe 43C00001 của bạn sẽ hết hạn đăng kiểm vào ngày  26/5/2023.',0,1,'2023-05-23 09:21:00','43C00001',167);
/*!40000 ALTER TABLE `notifications` ENABLE KEYS */;
UNLOCK TABLES;

--
-- Table structure for table `other_configuration`
--

DROP TABLE IF EXISTS `other_configuration`;
/*!40101 SET @saved_cs_client     = @@character_set_client */;
/*!50503 SET character_set_client = utf8mb4 */;
CREATE TABLE `other_configuration` (
  `id` int NOT NULL AUTO_INCREMENT,
  `allowed_days` int NOT NULL,
  `number_vehicles` int NOT NULL,
  PRIMARY KEY (`id`)
) ENGINE=InnoDB AUTO_INCREMENT=2 DEFAULT CHARSET=utf8mb4 COLLATE=utf8mb4_0900_ai_ci;
/*!40101 SET character_set_client = @saved_cs_client */;

--
-- Dumping data for table `other_configuration`
--

LOCK TABLES `other_configuration` WRITE;
/*!40000 ALTER TABLE `other_configuration` DISABLE KEYS */;
INSERT INTO `other_configuration` VALUES (1,222555,4);
/*!40000 ALTER TABLE `other_configuration` ENABLE KEYS */;
UNLOCK TABLES;

--
-- Table structure for table `otps`
--

DROP TABLE IF EXISTS `otps`;
/*!40101 SET @saved_cs_client     = @@character_set_client */;
/*!50503 SET character_set_client = utf8mb4 */;
CREATE TABLE `otps` (
  `id` int NOT NULL AUTO_INCREMENT,
  `user` int NOT NULL,
  `otp` char(60) NOT NULL,
  `expired` varchar(45) NOT NULL,
  PRIMARY KEY (`id`),
  KEY `fk_otp_1_idx` (`user`),
  CONSTRAINT `fk_otp_1` FOREIGN KEY (`user`) REFERENCES `users` (`id`)
) ENGINE=InnoDB DEFAULT CHARSET=utf8mb4 COLLATE=utf8mb4_0900_ai_ci;
/*!40101 SET character_set_client = @saved_cs_client */;

--
-- Dumping data for table `otps`
--

LOCK TABLES `otps` WRITE;
/*!40000 ALTER TABLE `otps` DISABLE KEYS */;
/*!40000 ALTER TABLE `otps` ENABLE KEYS */;
UNLOCK TABLES;

--
-- Table structure for table `profile`
--

DROP TABLE IF EXISTS `profile`;
/*!40101 SET @saved_cs_client     = @@character_set_client */;
/*!50503 SET character_set_client = utf8mb4 */;
CREATE TABLE `profile` (
  `id` int NOT NULL AUTO_INCREMENT,
  `name` varchar(225) COLLATE utf8mb4_unicode_ci DEFAULT NULL,
  `status` varchar(45) COLLATE utf8mb4_unicode_ci DEFAULT '0',
  PRIMARY KEY (`id`)
) ENGINE=InnoDB AUTO_INCREMENT=7 DEFAULT CHARSET=utf8mb4 COLLATE=utf8mb4_unicode_ci;
/*!40101 SET character_set_client = @saved_cs_client */;

--
-- Dumping data for table `profile`
--

LOCK TABLES `profile` WRITE;
/*!40000 ALTER TABLE `profile` DISABLE KEYS */;
INSERT INTO `profile` VALUES (4,'Giấy đăng ký xe ô tô','1'),(5,'Bảo hiểm phương tiện','0'),(6,'Chứng minh nhân dân','1');
/*!40000 ALTER TABLE `profile` ENABLE KEYS */;
UNLOCK TABLES;

--
-- Table structure for table `rate_fees`
--

DROP TABLE IF EXISTS `rate_fees`;
/*!40101 SET @saved_cs_client     = @@character_set_client */;
/*!50503 SET character_set_client = utf8mb4 */;
CREATE TABLE `rate_fees` (
  `id` int NOT NULL AUTO_INCREMENT,
  `vehicle_type_id` int NOT NULL,
  `time` int NOT NULL,
  `fee` int NOT NULL,
  PRIMARY KEY (`id`),
  KEY `fk_rate_fee_1_idx` (`vehicle_type_id`),
  CONSTRAINT `fk_rate_fee_1` FOREIGN KEY (`vehicle_type_id`) REFERENCES `vehicle_types` (`id`)
) ENGINE=InnoDB AUTO_INCREMENT=8 DEFAULT CHARSET=utf8mb4 COLLATE=utf8mb4_0900_ai_ci;
/*!40101 SET character_set_client = @saved_cs_client */;

--
-- Dumping data for table `rate_fees`
--

LOCK TABLES `rate_fees` WRITE;
/*!40000 ALTER TABLE `rate_fees` DISABLE KEYS */;
/*!40000 ALTER TABLE `rate_fees` ENABLE KEYS */;
UNLOCK TABLES;

--
-- Table structure for table `refresh_tokens`
--

DROP TABLE IF EXISTS `refresh_tokens`;
/*!40101 SET @saved_cs_client     = @@character_set_client */;
/*!50503 SET character_set_client = utf8mb4 */;
CREATE TABLE `refresh_tokens` (
  `id` int NOT NULL AUTO_INCREMENT,
  `token` varchar(512) NOT NULL,
  `user_id` int DEFAULT NULL,
  PRIMARY KEY (`id`),
  KEY `user_id` (`user_id`),
  CONSTRAINT `refresh_tokens_ibfk_1` FOREIGN KEY (`user_id`) REFERENCES `users` (`id`) ON DELETE RESTRICT ON UPDATE RESTRICT
) ENGINE=InnoDB AUTO_INCREMENT=149 DEFAULT CHARSET=utf8mb4 COLLATE=utf8mb4_0900_ai_ci;
/*!40101 SET character_set_client = @saved_cs_client */;

--
-- Dumping data for table `refresh_tokens`
--

LOCK TABLES `refresh_tokens` WRITE;
/*!40000 ALTER TABLE `refresh_tokens` DISABLE KEYS */;
INSERT INTO `refresh_tokens` VALUES (133,'eyJhbGciOiJIUzI1NiIsInR5cCI6IkpXVCJ9.eyJuYW1lIjoiTmd1eWVuIFZhbiBBIiwicGhvbmUiOiIwMTIzNDU2Nzg5IiwiZW1haWwiOiJuZ3ZhQGdtYWlsLmNvbSIsImlkIjo2LCJpYXQiOjE2NzEwNzQ1NjksImV4cCI6MTcwMjYxMDU2OX0.TB08Ojx9LL5gZseB5aLk6cD3Fagc4nM1S5MPCYjDDBE',6),(145,'eyJhbGciOiJIUzI1NiIsInR5cCI6IkpXVCJ9.eyJuYW1lIjoiVHJpbmggdGVzdGVyIiwicGhvbmUiOiIwMzU1MzQzNDQ0IiwiZW1haWwiOiJ0cmluaHBzY2RAZ21haWwuY29tIiwiaWQiOjY2LCJpYXQiOjE2NzU4NzY4MjUsImV4cCI6MTcwNzQxMjgyNX0.tZTf25ukLimLG4_zpkO0jFCD-Rez4V-I1z-r_q0aTr4',66),(146,'eyJhbGciOiJIUzI1NiIsInR5cCI6IkpXVCJ9.eyJuYW1lIjoiTmd1eeG7hW4gVmnhur90IFPDoW5nIiwicGhvbmUiOiIwNzk1MjQyNjE1IiwiZW1haWwiOiJzYW5nMTAwMy5pdEBnbWFpbC5jb20iLCJpZCI6MjEsImlhdCI6MTY3NTkwMDM1MiwiZXhwIjoxNzA3NDM2MzUyfQ.jiLZI_zf0bzzPz-GCNl-I1kHbko5Rz0xVr8ynivIpFE',21),(147,'eyJhbGciOiJIUzI1NiIsInR5cCI6IkpXVCJ9.eyJuYW1lIjoiTmd1eeG7hW4gVsSDbiBIw7luZyIsInBob25lIjoiMDc5NTI0MjYxNiIsImVtYWlsIjoibmd2aHVuZ0BnbWFpbC5jb20iLCJpZCI6NzMsImlhdCI6MTY3NTkwNDE2NiwiZXhwIjoxNzA3NDQwMTY2fQ.ISsEISjjsYJIBSTHNPaleu0XDJj71szlE1aKect6yrI',73),(148,'eyJhbGciOiJIUzI1NiIsInR5cCI6IkpXVCJ9.eyJuYW1lIjoiTmd1eeG7hW4gVsSDbiBIw7luZyAiLCJwaG9uZSI6IjA5ODc2NTQ1NjgiLCJlbWFpbCI6Imh1bmdudkBncmVlbmdsb2JhbC52biIsImlkIjoxNSwiaWF0IjoxNjkyODQ1OTUxLCJleHAiOjE3MjQzODE5NTF9.H51eDfFem9GXjHcqiIY136uCZg0gBbqeVtAbzXTmVgg',15);
/*!40000 ALTER TABLE `refresh_tokens` ENABLE KEYS */;
UNLOCK TABLES;

--
-- Table structure for table `registry_managements`
--

DROP TABLE IF EXISTS `registry_managements`;
/*!40101 SET @saved_cs_client     = @@character_set_client */;
/*!50503 SET character_set_client = utf8mb4 */;
CREATE TABLE `registry_managements` (
  `id` int NOT NULL AUTO_INCREMENT,
  `owner_id` int DEFAULT NULL,
  `owner_name` varchar(100) CHARACTER SET utf8mb4 COLLATE utf8mb4_unicode_ci DEFAULT NULL,
  `owner_phone` varchar(10) CHARACTER SET utf8mb4 COLLATE utf8mb4_unicode_ci DEFAULT NULL,
  `license_plate` varchar(45) CHARACTER SET utf8mb4 COLLATE utf8mb4_unicode_ci NOT NULL,
  `testing_center_id` int DEFAULT '1',
  `vehicle_type_id` int NOT NULL,
  `address` varchar(500) CHARACTER SET utf8mb4 COLLATE utf8mb4_unicode_ci DEFAULT NULL,
  `status` varchar(45) CHARACTER SET utf8mb4 COLLATE utf8mb4_unicode_ci DEFAULT '0',
  `pay_at` timestamp NULL DEFAULT NULL,
  `payment_date` date DEFAULT NULL,
  `date` date DEFAULT NULL,
  `plan_date` date DEFAULT NULL,
  `staff_id` varchar(40) CHARACTER SET utf8mb4 COLLATE utf8mb4_unicode_ci DEFAULT NULL,
  `staff_name` varchar(100) CHARACTER SET utf8mb4 COLLATE utf8mb4_unicode_ci DEFAULT NULL,
  `car_delivery_time` time DEFAULT NULL,
  `completed_at` timestamp NULL DEFAULT NULL,
  `create_at` timestamp NULL DEFAULT CURRENT_TIMESTAMP,
  `update_at` timestamp NULL DEFAULT CURRENT_TIMESTAMP ON UPDATE CURRENT_TIMESTAMP,
  `delete_at` timestamp NULL DEFAULT NULL,
  `date_birth` date DEFAULT NULL,
  `id_card` varchar(12) DEFAULT NULL,
  `phone_number` varchar(10) DEFAULT NULL,
  `registry_time` time DEFAULT NULL,
  PRIMARY KEY (`id`),
  KEY `fk_registry_managements_1_idx` (`vehicle_type_id`),
  KEY `fk_registry_managements_2_idx` (`testing_center_id`),
  KEY `fk_registry_managements_3_idx` (`owner_id`),
  CONSTRAINT `fk_registry_managements_1` FOREIGN KEY (`vehicle_type_id`) REFERENCES `vehicle_types` (`id`),
  CONSTRAINT `fk_registry_managements_2` FOREIGN KEY (`testing_center_id`) REFERENCES `testing_centers` (`id`),
  CONSTRAINT `fk_registry_managements_3` FOREIGN KEY (`owner_id`) REFERENCES `users` (`id`)
) ENGINE=InnoDB AUTO_INCREMENT=188 DEFAULT CHARSET=utf8mb4 COLLATE=utf8mb4_0900_ai_ci;
/*!40101 SET character_set_client = @saved_cs_client */;

--
-- Dumping data for table `registry_managements`
--

LOCK TABLES `registry_managements` WRITE;
/*!40000 ALTER TABLE `registry_managements` DISABLE KEYS */;
INSERT INTO `registry_managements` VALUES (56,1,'Vo Van Viet','0914235132','43D12345',1,9,NULL,'2','2022-09-06 08:08:33','2023-10-08','2022-08-30','2023-10-08',NULL,NULL,NULL,'2022-08-24 07:38:50','2022-08-23 08:26:19','2022-09-06 08:08:33',NULL,NULL,NULL,NULL,NULL),(57,1,'','0914235132','43A51596',1,8,'586 Nguyễn Hữu Thọ','2','2022-09-06 08:08:33','2023-10-08','2022-10-08','2023-10-08',NULL,NULL,NULL,'2022-08-24 07:39:19','2022-08-24 07:35:41','2022-09-06 08:08:33',NULL,NULL,NULL,NULL,NULL),(58,1,'Vo Van Viet','0914235132','43A51596',1,8,NULL,'2','2022-09-06 08:08:33','2022-09-07','2022-10-22','2022-09-01',NULL,NULL,NULL,'2022-08-29 01:34:05','2022-08-24 07:40:47','2022-09-06 08:08:33',NULL,NULL,NULL,NULL,NULL),(59,1,'Vo Van Viet','0914235132','30A66758',1,7,NULL,'2','2022-09-14 03:38:15','2022-10-27','2022-10-30','2022-11-01',NULL,NULL,NULL,'2022-09-14 03:38:53','2022-08-24 07:43:01','2022-09-14 03:38:53',NULL,NULL,NULL,NULL,NULL),(61,NULL,'Nguyen Van Tam','0368579183','43A51596',1,7,'','0',NULL,NULL,'2023-03-30',NULL,NULL,NULL,NULL,NULL,'2022-08-24 09:22:38','2023-01-16 04:24:57',NULL,NULL,NULL,NULL,NULL),(62,1,'Vo Van Viet','0914235132','43C00001',1,10,NULL,'0',NULL,NULL,'2022-09-01',NULL,NULL,NULL,NULL,NULL,'2022-08-25 03:16:31','2022-09-13 04:19:54','2022-09-13 04:19:54',NULL,NULL,NULL,NULL),(63,1,'Vo Van Viet','0914235132','43C00002',1,46,'Hoàng diệu','1','2022-09-06 09:02:11','2022-09-30','2022-09-09','2022-09-17',NULL,NULL,NULL,'2022-09-12 02:28:18','2022-08-25 03:18:24','2022-09-12 02:28:18',NULL,NULL,NULL,NULL,NULL),(64,5,'Nguyen Van B','0905112115','43D12689',1,9,NULL,'2','2022-10-05 08:39:52','2023-01-05','2022-08-27','2022-12-30',NULL,NULL,NULL,'2022-12-21 07:34:21','2022-08-26 15:38:28','2023-01-05 04:12:39',NULL,NULL,NULL,NULL,NULL),(65,1,'Vo Van Viet','0914235132','43D12345',1,10,NULL,'2','2022-09-09 02:00:15','2023-01-31','2022-08-31','2023-01-20',NULL,NULL,NULL,'2022-09-13 03:34:02','2022-08-29 01:26:43','2023-01-13 08:39:32',NULL,NULL,NULL,NULL,NULL),(66,1,'Vo Van Viet','0914235132','97E13848',1,15,NULL,'0',NULL,NULL,'2022-08-31',NULL,NULL,NULL,NULL,NULL,'2022-08-29 01:29:21','2022-09-06 08:04:33','2022-08-31 07:51:09',NULL,NULL,NULL,NULL),(67,1,'Vo Van Viet','0914235132','43D19499',1,27,'Hshah','2','2022-09-06 08:08:33','2022-09-10','2022-08-31','2022-09-01',NULL,NULL,NULL,'2022-08-29 02:45:23','2022-08-29 02:44:41','2022-09-06 08:08:33',NULL,NULL,NULL,NULL,NULL),(68,1,'Vo Van Viet','0914235132','43D19499',1,27,NULL,'0',NULL,NULL,'2022-09-15',NULL,NULL,NULL,NULL,NULL,'2022-08-29 04:58:38','2022-09-06 08:04:33','2022-08-29 08:18:52',NULL,NULL,NULL,NULL),(69,1,'Vo Van Viet','0914235132','43D19499',1,27,NULL,'1','2022-09-09 01:59:44','2022-09-30','2022-08-31','2022-09-29',NULL,NULL,NULL,'2022-09-13 02:27:49','2022-08-30 07:36:12','2022-09-13 02:27:49',NULL,NULL,NULL,NULL,NULL),(71,NULL,'Test','0898072845','51a00099',1,7,'121 Đặng Huy Trứ, Đà Nẵng','1','2022-10-26 08:15:52',NULL,'2022-09-21',NULL,'thuan.nt','Nguyễn Tấn Thuận','13:30:00','2022-10-26 08:16:17','2022-09-06 06:51:56','2022-10-26 08:16:17',NULL,'1985-03-09','311804124','0393126899',NULL),(72,NULL,'Test 2','0905215214','51c11122',1,45,'','2','2022-09-12 02:29:49','2022-09-23','2022-09-23','2022-09-23',NULL,NULL,NULL,'2022-09-13 04:36:40','2022-09-06 06:53:00','2022-09-13 04:36:40',NULL,NULL,NULL,NULL,NULL),(76,NULL,'Test 6','0914235567','51y88899',1,47,'','2','2022-09-07 07:18:59','2022-09-14','2022-09-20','2022-09-16',NULL,NULL,NULL,'2022-09-08 09:12:44','2022-09-07 03:19:51','2022-09-08 09:12:44',NULL,NULL,NULL,NULL,NULL),(77,NULL,'Test 7','0914235567','51u55566',1,36,'31 nguyễn van linh, đà nẵng','1','2022-09-07 07:19:13',NULL,'2022-09-22',NULL,NULL,NULL,NULL,'2022-09-08 13:17:04','2022-09-07 03:20:36','2022-09-08 13:17:04',NULL,NULL,NULL,NULL,NULL),(79,NULL,'Vo Van Viet','0914235567','43A45678',1,7,'','1','2022-09-08 09:00:38','2023-09-08','2022-09-22','2023-09-08',NULL,NULL,NULL,'2022-09-09 02:44:21','2022-09-08 03:54:28','2022-09-09 02:44:21',NULL,NULL,NULL,NULL,NULL),(80,NULL,'Nguyen Trinh','0898007006','92a11002',1,7,'','1','2022-09-08 13:32:33',NULL,'2022-09-30',NULL,NULL,NULL,NULL,'2022-09-08 13:32:41','2022-09-08 13:28:56','2022-09-08 13:32:41',NULL,NULL,NULL,NULL,NULL),(81,1,'Võ Văn Việt','0914235132','43C00002',1,46,NULL,'0',NULL,NULL,'2022-09-28',NULL,NULL,NULL,NULL,NULL,'2022-09-13 03:36:55','2022-09-13 04:52:02','2022-09-13 04:52:02',NULL,NULL,NULL,NULL),(82,1,'Võ Văn Việt','0914235132','43D12345',1,10,NULL,'2','2022-09-13 03:39:04','2022-09-29','2022-09-29','2022-09-29',NULL,NULL,NULL,'2022-09-13 06:04:38','2022-09-13 03:37:04','2022-09-13 06:04:38',NULL,NULL,NULL,NULL,NULL),(83,1,'Võ Văn Việt','0914235132','98K12849',1,25,NULL,'2','2022-09-14 01:25:40','2023-05-19','2022-09-29','2023-05-19',NULL,NULL,NULL,'2022-09-14 01:25:58','2022-09-13 03:37:12','2022-09-14 01:25:58',NULL,NULL,NULL,NULL,NULL),(84,1,'Võ Văn Việt','0914235132','43A13567',1,15,NULL,'2','2022-09-14 01:58:47','2022-10-14','2022-09-29','2022-10-01',NULL,NULL,NULL,'2022-09-14 01:59:05','2022-09-13 03:37:19','2022-09-14 01:59:05',NULL,NULL,NULL,NULL,NULL),(85,1,'Vo Van Nam','0914235132','71A11122',1,47,NULL,'1','2022-09-13 04:19:37','2022-09-15','2022-09-14','2022-09-15',NULL,NULL,NULL,'2022-09-13 04:21:16','2022-09-13 04:18:37','2022-09-13 04:21:16',NULL,NULL,NULL,NULL,NULL),(86,1,'Vo Van Nam','0914235132','43D19499',1,27,'Thanh trì Hà Nội','1','2022-09-13 04:25:38','2022-09-30','2022-09-30','2022-09-30',NULL,NULL,NULL,'2022-09-13 04:27:07','2022-09-13 04:20:14','2022-09-13 04:27:07',NULL,NULL,NULL,NULL,NULL),(87,1,'Vo Van Nam','0914235132','43C00001',1,10,NULL,'1','2022-09-13 04:25:56','2022-09-17','2022-09-15','2022-09-22',NULL,NULL,NULL,'2022-09-13 04:26:39','2022-09-13 04:24:28','2022-09-13 04:26:39',NULL,NULL,NULL,NULL,NULL),(88,1,'Vo Van Nam','0914235132','51A11344',1,34,'12 Nguyễn Sinh Sắc, Đà Nẵng','2','2022-09-13 04:28:54',NULL,'2022-09-24',NULL,NULL,NULL,NULL,'2022-09-13 04:29:15','2022-09-13 04:28:37','2022-09-13 04:29:15',NULL,NULL,NULL,NULL,NULL),(89,1,'Vo Van Nam','0914235132','71A11122',1,47,NULL,'1','2022-09-13 04:38:14',NULL,'2022-09-22',NULL,NULL,NULL,NULL,'2022-09-13 06:04:01','2022-09-13 04:38:03','2022-09-13 06:04:01',NULL,NULL,NULL,NULL,NULL),(90,1,'Vo Van Nam','0914235132','71A11222',1,47,NULL,'2','2022-09-13 06:41:36','2022-09-30','2022-09-28','2022-09-30',NULL,NULL,NULL,'2022-09-13 06:41:59','2022-09-13 06:41:17','2022-09-13 06:41:59',NULL,NULL,NULL,NULL,NULL),(91,1,'Vo Van Nam','0914235132','51E00112',1,27,'121 Đặng Huy Trứ, Đà Nẵng','1','2022-09-13 06:44:07',NULL,'2022-09-27',NULL,NULL,NULL,NULL,'2022-09-13 06:44:16','2022-09-13 06:43:47','2022-09-13 06:44:16',NULL,NULL,NULL,NULL,NULL),(92,1,'Vo Van Nam','0914235132','91A45678',1,46,'12 Nguyễn Hoàng, Đà Nẵng','0','2022-09-14 02:59:24',NULL,'2022-09-28',NULL,NULL,NULL,NULL,NULL,'2022-09-13 07:08:25','2022-09-14 02:59:24',NULL,NULL,NULL,NULL,NULL),(93,1,'Vo Van Nam','0914235132','91A33445',1,34,'23 Nguyễn Hoàng, Đà Nẵng','2','2022-09-13 07:16:24','2022-10-06','2022-09-30','2022-10-07',NULL,NULL,NULL,'2022-09-13 07:16:52','2022-09-13 07:15:53','2022-09-13 07:16:52',NULL,NULL,NULL,NULL,NULL),(94,1,'Vo Van Nam','0914235132','93A33444',1,39,NULL,'1','2022-09-13 07:17:51',NULL,'2022-09-21',NULL,NULL,NULL,NULL,'2022-09-13 07:18:16','2022-09-13 07:17:33','2022-09-13 07:18:16',NULL,NULL,NULL,NULL,NULL),(95,1,'Vo Van Nam','0914235132','97H11223',1,24,'55 Nguyễn Hoàng, Đà Nẵng','1','2022-09-14 03:05:40',NULL,'2022-09-22',NULL,NULL,NULL,NULL,'2022-09-15 06:34:41','2022-09-13 07:23:23','2022-09-15 06:34:41',NULL,NULL,NULL,NULL,NULL),(96,1,'Vo Van Nam','0914235132','98X55667',1,34,'65 Nguyen Sinh Sac, Da Nang','2','2022-09-13 07:28:49','2022-09-24','2022-09-22','2022-09-25',NULL,NULL,NULL,'2022-09-13 07:29:20','2022-09-13 07:28:20','2022-09-13 07:29:20',NULL,NULL,NULL,NULL,NULL),(98,5,'Long LV','0905112115','43C44565',1,9,'586 Nguyễn Hữu Thọ','2','2022-09-13 09:07:05','2023-09-25','2022-09-25','2023-09-25',NULL,NULL,NULL,'2022-09-13 09:07:46','2022-09-13 09:05:14','2022-09-13 09:07:46',NULL,NULL,NULL,NULL,NULL),(99,1,'Võ Văn Việt','0914235132','43D19499',1,27,NULL,'1','2022-09-14 03:03:55',NULL,'2022-09-23',NULL,NULL,NULL,NULL,'2022-09-14 03:37:39','2022-09-14 01:23:33','2022-09-14 03:37:39',NULL,NULL,NULL,NULL,NULL),(100,1,'Võ Văn Việt','0914235132','43C00002',1,46,NULL,'1','2022-09-14 03:06:48',NULL,'2022-09-30',NULL,NULL,NULL,NULL,'2022-09-14 03:08:08','2022-09-14 03:06:12','2022-09-14 03:08:08',NULL,NULL,NULL,NULL,NULL),(101,1,'Võ Văn Việt','0914235132','43C00001',1,10,NULL,'2','2022-09-14 03:07:40','2022-09-29','2022-09-30','2022-09-16',NULL,NULL,NULL,'2022-09-14 03:36:20','2022-09-14 03:07:29','2022-09-14 03:36:20',NULL,NULL,NULL,NULL,NULL),(102,1,'Võ Văn Việt','0914235132','30A66758',1,7,'Nfkd','2','2022-09-14 09:12:39','2022-09-27','2022-09-23','2022-09-24',NULL,NULL,NULL,'2022-09-14 09:12:52','2022-09-14 09:11:54','2022-09-14 09:12:52',NULL,NULL,NULL,NULL,NULL),(103,1,'Võ Văn Việt','0914235132','87A11234',1,11,'Phan thanh','2','2022-09-14 23:40:01','2022-09-30','2022-09-23','2022-09-24',NULL,NULL,NULL,'2022-09-14 23:40:12','2022-09-14 09:12:09','2022-09-14 23:40:12',NULL,NULL,NULL,NULL,NULL),(104,1,'Võ Văn Việt','0914235132','92D33322',1,15,NULL,'1','2022-09-14 09:13:12',NULL,'2022-09-23',NULL,NULL,NULL,NULL,'2022-09-14 09:13:14','2022-09-14 09:12:18','2022-09-14 09:13:14',NULL,NULL,NULL,NULL,NULL),(105,1,'Võ Văn Việt','0914235132','43D19499',1,27,NULL,'2','2022-09-15 01:20:18','2022-09-30','2022-09-23','2022-09-25',NULL,NULL,NULL,'2022-09-15 01:20:36','2022-09-15 01:19:45','2022-09-15 01:20:36',NULL,NULL,NULL,NULL,NULL),(107,1,'Vo Van Nam','0914235132','30A66758',1,7,NULL,'0',NULL,NULL,'2022-09-30',NULL,NULL,NULL,NULL,NULL,'2022-09-16 03:14:07','2022-09-20 03:40:21','2022-09-20 03:40:21',NULL,NULL,NULL,NULL),(108,1,'Vo Van Nam','0914235132','93A33444',1,39,NULL,'0','2022-12-30 09:08:16',NULL,'2022-09-24',NULL,NULL,NULL,NULL,NULL,'2022-09-16 03:35:53','2022-12-30 09:08:16',NULL,NULL,NULL,NULL,NULL),(109,1,'Vo Van Nam','0914235132','87A11234',1,11,'134 Nguyễn Văn Linh, Đà Nẵng','0',NULL,NULL,'2022-09-21',NULL,NULL,NULL,NULL,NULL,'2022-09-16 03:39:01','2022-09-22 09:22:06','2022-09-22 09:22:06',NULL,NULL,NULL,NULL),(110,5,'Long LV','0905112115','43A66767',1,9,'586 Nguyễn Hữu Thọ','2','2022-09-16 09:27:27','2023-09-16','2022-09-30','2023-09-16',NULL,NULL,NULL,'2022-09-16 09:28:17','2022-09-16 09:14:26','2022-09-16 09:28:17',NULL,NULL,NULL,NULL,NULL),(111,5,'Long LV','0905112115','43A66767',1,9,'21 Nguyễn Hanh','1','2022-11-25 04:13:02',NULL,'2022-09-17',NULL,NULL,NULL,NULL,'2023-01-13 01:27:38','2022-09-16 09:31:46','2023-01-13 01:27:38',NULL,NULL,NULL,NULL,NULL),(113,1,'Vo Van Nam','0914235132','97E13848',1,15,'25 Hoàng Diệu Đà Nẵng','0',NULL,NULL,'2022-09-30',NULL,NULL,NULL,NULL,NULL,'2022-09-19 08:47:24','2022-09-27 01:59:20','2022-09-27 01:59:20',NULL,NULL,NULL,NULL),(114,1,'Vo Van Nam','0914235132','31A00033',1,34,'12 Hoàng Diệu','2','2022-09-19 09:21:18','2022-09-27','2022-09-24','2022-09-25',NULL,NULL,NULL,'2022-09-19 09:21:42','2022-09-19 09:20:42','2022-09-19 09:21:42',NULL,NULL,NULL,NULL,NULL),(115,1,'Vo Van Nam','0914235132','82A11122',1,10,NULL,'1','2022-09-19 09:23:33',NULL,'2022-09-23',NULL,NULL,NULL,NULL,'2022-09-19 09:23:53','2022-09-19 09:23:05','2022-09-19 09:23:53',NULL,NULL,NULL,NULL,NULL),(116,1,'Vo Van Nam','0914235132','45A11223',1,7,'12 Nguyễn Sinh Sắc','0',NULL,NULL,'2022-09-21',NULL,NULL,NULL,NULL,NULL,'2022-09-19 09:27:58','2022-09-22 09:14:26','2022-09-22 09:14:26',NULL,NULL,NULL,NULL),(117,1,'Vo Van Nam','0914235132','12A44556',1,44,'12 Hoàng Diệu','0',NULL,NULL,'2022-09-22',NULL,NULL,NULL,NULL,NULL,'2022-09-19 09:34:05','2022-09-19 09:34:36','2022-09-19 09:34:36',NULL,NULL,NULL,NULL),(118,1,'Vo Van Nam','0914235132','12A44556',1,44,'12 Hoàng Diệu','1','2022-09-19 09:37:49',NULL,'2022-09-29',NULL,NULL,NULL,NULL,'2022-10-05 06:53:31','2022-09-19 09:35:41','2022-10-05 06:53:31',NULL,NULL,NULL,NULL,NULL),(119,1,'Vo Van Nam','0914235132','31A00033',1,34,NULL,'2','2022-10-03 01:43:23','2022-10-30','2022-09-29','2022-10-28',NULL,NULL,NULL,'2022-10-05 06:45:15','2022-09-19 14:12:27','2022-10-05 06:45:15',NULL,NULL,NULL,NULL,NULL),(121,1,'Võ Văn Việt','0914235132','43C00002',1,46,NULL,'0',NULL,NULL,'2022-09-30',NULL,NULL,NULL,NULL,NULL,'2022-09-20 03:35:26','2022-09-27 01:54:19','2022-09-27 01:54:19',NULL,NULL,NULL,NULL),(122,1,'Võ Văn Việt','0914235132','43D19499',1,27,NULL,'0',NULL,NULL,'2022-09-23',NULL,NULL,NULL,NULL,NULL,'2022-09-20 03:36:47','2022-09-30 03:16:08','2022-09-30 03:16:08',NULL,NULL,NULL,NULL),(123,1,'Võ Văn Việt','0914235132','30A66758',1,7,NULL,'0',NULL,NULL,'2022-09-30',NULL,NULL,NULL,NULL,NULL,'2022-09-20 03:40:29','2022-09-20 03:41:01','2022-09-20 03:41:01',NULL,NULL,NULL,NULL),(124,1,'Võ Văn Việt','0914235132','30A66758',1,7,NULL,'0',NULL,NULL,'2022-09-23',NULL,NULL,NULL,NULL,NULL,'2022-09-20 03:41:10','2022-09-26 04:04:38','2022-09-26 04:04:38',NULL,NULL,NULL,NULL),(126,NULL,'Test 2','0909898789','43C00002',1,8,'','2','2022-09-20 09:41:26','2022-09-28','2022-09-30','2022-09-28',NULL,NULL,NULL,'2022-09-20 09:41:32','2022-09-20 09:35:49','2022-09-20 09:44:56',NULL,NULL,NULL,NULL,NULL),(127,1,'Vo Van Nam','0914235132','43C00001',1,10,NULL,'1','2022-10-05 06:44:57',NULL,'2022-09-29',NULL,NULL,NULL,NULL,'2022-10-05 07:12:44','2022-09-22 08:52:56','2022-10-05 07:12:44',NULL,NULL,NULL,NULL,NULL),(128,1,'Vo Van Nam','0914235132','45A11223',1,7,NULL,'0',NULL,NULL,'2022-09-29',NULL,NULL,NULL,NULL,NULL,'2022-09-22 09:14:41','2022-09-29 04:00:02','2022-09-29 04:00:02',NULL,NULL,NULL,NULL),(129,1,'Vo Van Nam','0914235132','87A11234',1,11,'121 Nguyễn Sinh Sắc, Đà Nẵng','2','2022-12-15 03:03:36','2022-12-31','2022-10-31','2022-12-31',NULL,NULL,NULL,'2022-12-15 03:04:42','2022-09-22 09:22:32','2022-12-15 03:04:42',NULL,NULL,NULL,NULL,NULL),(130,NULL,'Trinh Nguyen','0898216211','55A55555',1,7,'21 Nguyễn Sinh Sắc, Đà Nẵng','2','2022-09-23 01:55:03','2022-10-08','2022-09-30','2022-10-07',NULL,NULL,NULL,'2022-09-23 01:55:23','2022-09-23 01:54:50','2022-09-23 01:55:23',NULL,NULL,NULL,NULL,NULL),(131,1,'Võ Văn Việt','0914235132','43C00002',1,46,NULL,'1','2022-10-05 07:20:38',NULL,'2022-09-29',NULL,NULL,NULL,NULL,'2022-10-05 07:20:42','2022-09-27 01:54:28','2022-10-05 07:20:42',NULL,NULL,NULL,NULL,NULL),(132,1,'Võ Văn Việt','0914235132','97E13848',1,15,NULL,'0',NULL,NULL,'2022-09-30',NULL,NULL,NULL,NULL,NULL,'2022-09-27 01:59:26','2022-09-27 02:00:56','2022-09-27 02:00:56',NULL,NULL,NULL,NULL),(133,1,'Võ Văn Việt','0914235132','97E13848',1,15,NULL,'1','2022-10-03 01:53:08',NULL,'2022-09-29',NULL,NULL,NULL,NULL,'2022-10-05 07:17:18','2022-09-27 02:01:03','2022-10-05 07:17:18',NULL,NULL,NULL,NULL,NULL),(134,1,'Vo Van Nam','0914235132','45A11223',1,7,NULL,'2','2022-10-03 01:53:11','2022-10-29','2022-09-30','2022-10-20',NULL,NULL,NULL,'2022-10-05 06:31:55','2022-09-29 04:00:18','2022-10-05 06:31:55',NULL,NULL,NULL,NULL,NULL),(135,1,'Vo Van Nam','0914235132','74A00999',1,20,'12 Tôn Đức Thắng, Đà Nẵng','0',NULL,NULL,'2022-10-14',NULL,NULL,NULL,NULL,NULL,'2022-09-29 08:03:38','2022-09-29 08:46:31','2022-09-29 08:46:31',NULL,NULL,NULL,NULL),(136,1,'Vo Van Nam','0914235132','43D19499',1,27,'54 Hoàng Diệu, Đà Nẵng','2','2022-09-30 03:35:42','2022-10-08','2022-10-01','2022-10-01',NULL,NULL,NULL,'2022-09-30 03:36:05','2022-09-30 03:17:07','2022-09-30 03:36:05',NULL,NULL,NULL,NULL,NULL),(137,NULL,'ththuy','0987654326','55H12345',1,7,'Thôn Túy Loan Đông 1, xã Hoà Phong, Huyện Hoà Vang, TP Đà Nẵng','0','2022-12-29 04:51:27',NULL,'2022-10-07',NULL,'thuan.nt','Nguyễn Tấn Thuận','13:00:00',NULL,'2022-09-30 09:15:58','2022-12-29 04:51:27',NULL,'1985-03-09','311804124','0393126899',NULL),(138,1,'Vo Van Nam','0914235132','43D12345',1,10,'Dỵhg','0','2022-10-20 03:19:24',NULL,'2022-10-21',NULL,NULL,NULL,NULL,NULL,'2022-10-04 07:35:09','2022-10-20 03:19:24',NULL,NULL,NULL,NULL,NULL),(139,1,'Vo Van Nam','0914235132','92D33322',1,15,NULL,'1','2022-12-15 03:06:42',NULL,'2022-10-22',NULL,NULL,NULL,NULL,'2022-12-15 03:06:48','2022-10-05 08:51:27','2022-12-15 03:06:48',NULL,NULL,NULL,NULL,NULL),(140,1,'Vo Van Nam','0914235132','43C00002',1,46,NULL,'1','2022-12-21 08:09:48',NULL,'2022-12-31',NULL,'thuan.nt','Nguyễn Tấn Thuận','13:00:00','2022-12-21 08:10:30','2022-10-05 08:51:37','2022-12-21 08:10:30',NULL,'1985-03-09','311804124','0393126899',NULL),(141,1,'Vo Van Nam','0914235132','12A44556',1,44,NULL,'0','2022-10-09 11:05:05',NULL,'2022-10-14',NULL,NULL,NULL,NULL,NULL,'2022-10-05 08:51:51','2022-10-09 11:05:05',NULL,NULL,NULL,NULL,NULL),(142,1,'Vo Van Nam','0914235132','51E00112',1,27,'Lê Duẫn','0',NULL,NULL,'2022-10-22',NULL,NULL,NULL,NULL,NULL,'2022-10-05 08:52:02','2022-10-21 01:15:04','2022-10-21 01:15:04',NULL,NULL,NULL,NULL),(143,4,'Nguyễn Thị Phương','0987947799','43B02268',1,11,NULL,'0',NULL,NULL,'2022-10-19',NULL,NULL,NULL,NULL,NULL,'2022-10-18 09:35:24','2022-11-25 02:55:05','2022-11-25 02:55:05',NULL,NULL,NULL,NULL),(144,1,'Nguyễn Tấn Khoa','0914235132','51D11100',1,25,NULL,'0',NULL,NULL,'2022-10-22',NULL,NULL,NULL,NULL,NULL,'2022-10-21 10:02:14','2022-10-21 10:03:16','2022-10-21 10:03:16',NULL,NULL,NULL,NULL),(145,1,'Nguyễn Tấn Khoa','0914235132','51D11100',1,25,NULL,'2','2022-12-15 03:23:10','2022-12-31','2022-10-22','2022-12-30',NULL,NULL,NULL,'2022-12-15 03:23:21','2022-10-21 10:03:53','2022-12-15 03:23:21',NULL,NULL,NULL,NULL,NULL),(146,1,'Nguyễn Tấn Khoa','0914235132','97E13848',1,15,NULL,'2','2022-11-22 01:40:05','2022-11-30','2022-10-28','2022-11-24',NULL,NULL,NULL,'2022-11-22 01:41:20','2022-10-21 10:17:26','2022-11-22 01:41:20',NULL,NULL,NULL,NULL,NULL),(147,4,'Nguyễn Thị Phương','0987947799','43J71836',1,25,NULL,'0',NULL,NULL,'2022-10-26',NULL,NULL,NULL,NULL,NULL,'2022-10-24 01:59:42','2022-10-24 02:00:21','2022-10-24 02:00:21',NULL,NULL,NULL,NULL),(148,4,'Nguyễn Thị Phương','0987947799','43J71836',1,25,'394B Điện Biên Phủ, Phường Thanh Khê Đông, Quận Thanh Khê, Thành phố Đà Nẵng, Việt Nam','0','2022-12-20 02:04:19',NULL,'2022-10-26',NULL,'thuan.nt','Nguyễn Tấn Thuận','12:00:00',NULL,'2022-10-24 02:00:52','2022-12-20 02:04:19',NULL,'1985-03-09','311804124','0393126899',NULL),(149,1,'Nguyễn Tấn Khoa','0914235132','98K12849',1,25,NULL,'0',NULL,NULL,'2022-11-18',NULL,NULL,NULL,NULL,NULL,'2022-11-10 01:48:28','2022-12-12 03:11:33','2022-12-12 03:11:33',NULL,NULL,NULL,NULL),(150,4,'Nguyễn Thị Phương','0987947799','43B02268',1,11,'586 Nguyễn Hữu Thọ, Đà Nẵng','0',NULL,NULL,'2022-11-30',NULL,NULL,NULL,NULL,NULL,'2022-11-25 03:01:31','2022-11-25 03:01:37','2022-11-25 03:01:37',NULL,NULL,NULL,NULL),(151,4,'Nguyễn Thị Phương','0987947799','43B02268',1,11,'586 Nguyễn Hữu Thọ','0',NULL,NULL,'2022-11-30',NULL,NULL,NULL,NULL,NULL,'2022-11-25 03:10:52','2022-11-25 03:12:03','2022-11-25 03:12:03',NULL,NULL,NULL,NULL),(152,4,'Nguyễn Thị Phương','0987947799','43B02268',1,11,'586 Nguyễn Hữu Thọ','1','2022-11-25 04:24:14',NULL,'2022-11-30',NULL,'thuan.nt','Nguyễn Tấn Thuận','13:00:00','2022-12-20 02:04:44','2022-11-25 03:15:51','2022-12-20 02:04:44',NULL,'1985-03-09','311804124','0393126899',NULL),(153,1,'Nguyễn Tấn Khoa','0914235132','51E00112',1,27,NULL,'0',NULL,NULL,'2022-12-31',NULL,NULL,NULL,NULL,NULL,'2022-12-12 02:37:54','2022-12-12 03:10:31','2022-12-12 03:10:31',NULL,NULL,NULL,NULL),(154,1,'Nguyễn Tấn Khoa','0914235132','74A00999',1,20,NULL,'0',NULL,NULL,'2022-12-31',NULL,NULL,NULL,NULL,NULL,'2022-12-12 03:14:26','2022-12-12 03:28:21','2022-12-12 03:28:21',NULL,NULL,NULL,NULL),(155,1,'Nguyễn Tấn Khoa','0914235132','98K12849',1,25,NULL,'0',NULL,NULL,'2022-12-31',NULL,NULL,NULL,NULL,NULL,'2022-12-12 03:29:02','2022-12-12 03:49:13','2022-12-12 03:49:13',NULL,NULL,NULL,NULL),(156,1,'Nguyễn Tấn Khoa','0914235132','43D19499',1,27,'110 Phan Thanh, Thạc Gián, Thanh Khê, Đà Nẵng','2','2022-12-21 07:20:55','2022-12-29','2022-12-30','2022-12-29',NULL,NULL,NULL,'2022-12-21 07:34:39','2022-12-20 02:41:56','2022-12-21 07:34:39',NULL,NULL,NULL,NULL,NULL),(157,1,'Nguyễn Tấn Khoa','0914235132','43C00001',1,10,NULL,'0',NULL,NULL,'2022-12-31',NULL,NULL,NULL,NULL,NULL,'2022-12-20 02:52:38','2022-12-21 03:11:26','2022-12-21 03:11:26',NULL,NULL,NULL,NULL),(158,1,'Nguyễn Tấn Khoa','0914235132','98K12849',1,25,NULL,'2','2022-12-21 07:20:41','2022-12-30','2022-12-30','2022-12-29',NULL,NULL,NULL,'2022-12-21 07:35:02','2022-12-20 02:53:10','2022-12-21 07:35:02',NULL,NULL,NULL,NULL,NULL),(159,1,'Nguyễn Tấn Khoa','0914235132','51E00112',1,27,'35 Thành Vinh 1, Thọ Quang, Sơn Trà, Đà Nẵng','2','2022-12-21 07:21:35','2022-12-30','2022-12-31','2022-12-30',NULL,NULL,NULL,'2022-12-21 07:34:54','2022-12-20 15:35:28','2022-12-21 07:34:54',NULL,NULL,NULL,NULL,NULL),(160,1,'Nguyễn Tấn Khoa','0914235132','92D33322',1,15,'100 Đ. Lê Duẩn, Thạch Thang, Hải Châu, Đà Nẵng 550000','2','2022-12-21 07:21:42','2023-02-28','2022-12-31','2023-01-29',NULL,NULL,NULL,'2022-12-21 07:57:36','2022-12-21 02:00:09','2022-12-21 07:57:36',NULL,NULL,NULL,NULL,NULL),(161,1,'Nguyễn Tấn Khoa','0914235132','51D11100',1,25,'200 Nguyễn Văn Linh, Thạc Gián, Thanh Khê, Đà Nẵng 550000','1','2022-12-21 07:21:49',NULL,'2022-12-31',NULL,NULL,NULL,NULL,'2022-12-21 07:58:59','2022-12-21 02:00:59','2022-12-21 07:58:59',NULL,NULL,NULL,NULL,NULL),(162,1,'Nguyễn Tấn Khoa','0914235132','43C00001',1,10,NULL,'0',NULL,NULL,'2022-12-31',NULL,NULL,NULL,NULL,NULL,'2022-12-21 03:44:02','2022-12-21 03:44:10','2022-12-21 03:44:10',NULL,NULL,NULL,NULL),(163,1,'Nguyễn Tấn Khoa','0914235132','43C00001',1,10,'254 Nguyễn Văn Linh, Thạc Gián, Thanh Khê, Đà Nẵng 550000','0',NULL,NULL,'2022-12-31',NULL,NULL,NULL,NULL,NULL,'2022-12-21 03:46:32','2022-12-21 03:47:11','2022-12-21 03:47:11',NULL,NULL,NULL,NULL),(164,1,'Nguyễn Tấn Khoa','0914235132','43C00001',1,10,'187 Lý Thường Kiệt, Phường Minh An, Hội An, Quảng Nam','0',NULL,NULL,'2022-12-31',NULL,NULL,NULL,NULL,NULL,'2022-12-21 03:48:31','2022-12-21 04:28:39','2022-12-21 04:28:39',NULL,NULL,NULL,NULL),(165,1,'Nguyễn Tấn Khoa','0914235132','74A00999',1,20,'100 Đ. Lê Duẩn, Thạch Thang, Hải Châu, Đà Nẵng 550000','2','2022-12-21 07:21:58','2023-05-31','2022-12-31','2023-05-18',NULL,NULL,NULL,'2022-12-21 07:59:40','2022-12-21 06:46:36','2022-12-21 07:59:40',NULL,NULL,NULL,NULL,NULL),(166,1,'Nguyễn Tấn Khoa','0914235132','45A11223',1,7,'24 Kiệt 110 Phan Thanh, Thạc Gián, Thanh Khê, Đà Nẵng','1','2022-12-21 07:19:45',NULL,'2022-12-31',NULL,NULL,NULL,NULL,'2022-12-25 12:25:54','2022-12-21 06:47:11','2022-12-25 12:25:54',NULL,NULL,NULL,NULL,NULL),(167,1,'Nguyễn Tấn Khoa','0914235132','43C00001',1,10,'Cảng hàng không quốc nội Đà Nẵng, Sân bay Quốc tế Đà Nẵng, Duy Tân, Hòa Thuận Tây, Hải Châu, Đà Nẵng','2','2022-12-21 07:22:06','2023-06-23','2022-12-31','2023-05-26',NULL,NULL,NULL,'2022-12-25 06:16:47','2022-12-21 06:49:06','2022-12-25 06:16:47',NULL,NULL,NULL,NULL,NULL),(168,1,'Nguyễn Tấn Khoa','0914235132','43A13567',1,15,NULL,'2','2022-12-21 07:21:10','2023-06-30','2022-12-30','2023-03-25',NULL,NULL,NULL,'2023-01-01 12:00:02','2022-12-21 06:51:35','2023-01-01 12:00:02',NULL,NULL,NULL,NULL,NULL),(169,1,'Nguyễn Tấn Khoa','0914235132','97E13848',1,15,'25 Hoàng Diệu Đà Nẵng','2','2022-12-21 07:22:12','2023-03-16','2022-12-31','2023-02-23',NULL,NULL,NULL,'2023-01-01 11:48:06','2022-12-21 06:53:00','2023-01-01 11:48:06',NULL,NULL,NULL,NULL,NULL),(170,1,'Nguyễn Tấn Khoa','0914235132','51E00112',1,27,'386 Bạch Đằng, Phước Ninh, Hải Châu, Đà Nẵng 550000','1','2022-12-28 08:04:51',NULL,'2023-01-12',NULL,NULL,NULL,NULL,'2022-12-28 08:04:54','2022-12-21 07:37:48','2022-12-28 08:04:54',NULL,NULL,NULL,NULL,NULL),(171,1,'Nguyễn Tấn Khoa','0914235132','87A11234',1,11,'20 Lý Tự Trọng, Thạch Thang, Hải Châu, Đà Nẵng 550000','2','2022-12-28 07:57:51','2023-05-18','2023-02-24','2023-04-28','nganvb','Vương Bích Ngân','13:00:00','2022-12-28 07:58:39','2022-12-21 07:45:52','2022-12-28 07:58:39',NULL,'1988-12-25','079188012092','0586169231',NULL),(172,1,'Nguyễn Tấn Khoa','0914235132','43D19499',1,27,'12 Nguyễn Sinh Sắc, Hoà Minh, Liên Chiểu, Đà Nẵng 50000','2','2022-12-28 08:02:43','2023-03-30','2023-01-29','2023-02-24',NULL,NULL,NULL,'2022-12-28 08:02:51','2022-12-22 09:13:17','2022-12-28 08:02:51',NULL,NULL,NULL,NULL,NULL),(173,1,'Nguyễn Tấn Khoa','0914235132','98K12849',1,25,NULL,'0','2022-12-23 04:41:48',NULL,'2023-01-14',NULL,NULL,NULL,NULL,NULL,'2022-12-22 10:45:16','2022-12-23 04:41:48',NULL,NULL,NULL,NULL,NULL),(174,1,'Nguyễn Văn A','0914235132','51D11100',1,25,'389 Điện Biên Phủ, Hòa Khê, Thanh Khê, Đà Nẵng 550000','0',NULL,NULL,'2023-01-07',NULL,'nganvb','Vương Bích Ngân','13:00:00',NULL,'2022-12-28 03:13:27','2023-01-05 02:56:40',NULL,'1988-12-25','079188012092','0586169231','12:30:00'),(175,1,'Nguyễn Văn A','0914235132','31A00033',1,34,'Lê Đức Thọ, Thọ Quang, Sơn Trà, Đà Nẵng','2','2022-12-28 08:00:12','2023-02-27','2023-01-31','2023-01-31',NULL,NULL,NULL,'2022-12-28 08:00:32','2022-12-28 03:21:16','2022-12-28 08:00:32',NULL,NULL,NULL,NULL,'06:15:00'),(176,1,'Nguyễn Văn A','0914235132','43D12345',1,10,'85 Lý Thái Tổ, Thạc Gián, Thanh Khê, Đà Nẵng','2','2023-01-03 09:04:09','2023-06-23','2023-01-12','2023-04-15','nganvb','Vương Bích Ngân','13:00:00','2023-01-03 09:04:23','2022-12-29 04:47:58','2023-01-03 09:04:23',NULL,'1988-12-25','079188012092','0586169231','14:00:00'),(177,NULL,'Nguyễn Thị Phương','0915705705','43X12931',1,8,'31 Tran phu, Hai Chau','0','2023-01-05 02:39:49',NULL,'2022-12-14',NULL,'nganvb','Vương Bích Ngân','13:00:00',NULL,'2022-12-30 09:36:26','2023-01-05 02:39:49',NULL,'1988-12-25','079188012092','0586169231',NULL),(178,1,'Nguyễn Văn A','0914235132','51E00112',1,27,NULL,'0','2023-01-13 07:55:40',NULL,'2023-02-23',NULL,NULL,NULL,NULL,NULL,'2023-01-03 09:38:05','2023-01-13 07:55:40',NULL,NULL,NULL,NULL,'12:30:00'),(179,1,'Nguyễn Văn A','0914235132','97E13848',1,15,'5 An Thượng 6, Bắc Mỹ Phú, Ngũ Hành Sơn, Đà Nẵng 550000','2','2023-01-04 08:47:45','2023-06-15','2023-02-22','2023-05-18',NULL,NULL,NULL,'2023-01-04 09:24:15','2023-01-04 01:54:26','2023-01-04 09:24:15',NULL,NULL,NULL,NULL,'12:30:00'),(180,NULL,'vvv','0913249200','20C12222',1,10,'','0','2023-01-13 01:25:50',NULL,'2023-01-25',NULL,NULL,NULL,NULL,NULL,'2023-01-04 07:40:50','2023-01-13 01:25:50',NULL,NULL,NULL,NULL,NULL),(181,1,'Nguyễn Văn A','0914235132','92D33322',1,15,'12 Huỳnh Xuân Nhị, Hoà Xuân, Hòa Vang, Đà Nẵng 550000','0','2023-01-05 04:05:05',NULL,'2023-01-26',NULL,NULL,NULL,NULL,NULL,'2023-01-04 09:26:01','2023-01-05 04:05:05',NULL,NULL,NULL,NULL,'16:24:00'),(182,1,'Nguyễn Văn A','0914235132','74A00999',1,20,'K110 Phan Thanh, Thạc Gián, Thanh Khê, Đà Nẵng 550000','0',NULL,NULL,'2023-01-12',NULL,NULL,NULL,NULL,NULL,'2023-01-10 16:09:04','2023-01-10 16:09:04',NULL,NULL,NULL,NULL,'12:05:00'),(183,NULL,'Nguyen Van Tam','0973955123','92BS22323',1,16,'394B Điện Biên Phủ, Phường Thanh Khê Đông, Quận Thanh Khê, Thành phố Đà Nẵng, Việt Nam','0','2023-01-13 04:30:37',NULL,'2023-01-24',NULL,NULL,NULL,NULL,NULL,'2023-01-12 02:40:29','2023-01-13 04:30:37',NULL,NULL,NULL,NULL,NULL),(184,1,'Nguyễn Văn A','0914235132','43A13567',1,15,NULL,'0','2023-08-11 08:43:46',NULL,'2023-12-30',NULL,NULL,NULL,NULL,NULL,'2023-02-09 02:10:17','2023-08-11 08:43:46',NULL,NULL,NULL,NULL,'08:00:00'),(185,NULL,'Nguyễn Thị Phương','0983213123','43A222222',1,12,'31 Tran phu, Hai Chau','0',NULL,NULL,'2023-08-22',NULL,NULL,NULL,NULL,NULL,'2023-08-11 07:30:53','2023-08-11 07:30:53',NULL,NULL,NULL,NULL,NULL),(186,NULL,'Nguyễn Văn Hùng','0349858839','43B12312',1,19,'','0','2023-08-11 08:45:13',NULL,'2023-08-31',NULL,NULL,NULL,NULL,NULL,'2023-08-11 07:57:29','2023-08-11 08:45:13',NULL,NULL,NULL,NULL,NULL),(187,NULL,'Nguyễn Văn B','0934434343','43B23451',1,16,'','0',NULL,NULL,'2023-08-30',NULL,NULL,NULL,NULL,NULL,'2023-08-11 08:43:12','2023-08-11 08:43:12',NULL,NULL,NULL,NULL,NULL);
/*!40000 ALTER TABLE `registry_managements` ENABLE KEYS */;
UNLOCK TABLES;

--
-- Table structure for table `roles`
--

DROP TABLE IF EXISTS `roles`;
/*!40101 SET @saved_cs_client     = @@character_set_client */;
/*!50503 SET character_set_client = utf8mb4 */;
CREATE TABLE `roles` (
  `id` int NOT NULL AUTO_INCREMENT,
  `name` varchar(45) CHARACTER SET utf8mb4 COLLATE utf8mb4_unicode_ci NOT NULL,
  `create_at` timestamp NULL DEFAULT CURRENT_TIMESTAMP,
  `update_at` timestamp NULL DEFAULT CURRENT_TIMESTAMP ON UPDATE CURRENT_TIMESTAMP,
  PRIMARY KEY (`id`)
) ENGINE=InnoDB AUTO_INCREMENT=4 DEFAULT CHARSET=utf8mb4 COLLATE=utf8mb4_0900_ai_ci;
/*!40101 SET character_set_client = @saved_cs_client */;

--
-- Dumping data for table `roles`
--

LOCK TABLES `roles` WRITE;
/*!40000 ALTER TABLE `roles` DISABLE KEYS */;
INSERT INTO `roles` VALUES (1,'user','2022-07-27 08:09:37','2022-07-28 02:26:37'),(2,'admin','2022-07-27 08:10:43','2022-07-27 08:10:43'),(3,'employee','2022-07-27 08:11:47','2022-07-27 08:11:47');
/*!40000 ALTER TABLE `roles` ENABLE KEYS */;
UNLOCK TABLES;

--
-- Table structure for table `testing_centers`
--

DROP TABLE IF EXISTS `testing_centers`;
/*!40101 SET @saved_cs_client     = @@character_set_client */;
/*!50503 SET character_set_client = utf8mb4 */;
CREATE TABLE `testing_centers` (
  `id` int NOT NULL AUTO_INCREMENT,
  `name` varchar(225) CHARACTER SET utf8mb4 COLLATE utf8mb4_unicode_ci NOT NULL,
  `address` varchar(225) CHARACTER SET utf8mb4 COLLATE utf8mb4_unicode_ci NOT NULL,
  `create_at` timestamp NULL DEFAULT CURRENT_TIMESTAMP,
  `update_at` timestamp NULL DEFAULT CURRENT_TIMESTAMP ON UPDATE CURRENT_TIMESTAMP,
  PRIMARY KEY (`id`)
) ENGINE=InnoDB AUTO_INCREMENT=2 DEFAULT CHARSET=utf8mb4 COLLATE=utf8mb4_0900_ai_ci;
/*!40101 SET character_set_client = @saved_cs_client */;

--
-- Dumping data for table `testing_centers`
--

LOCK TABLES `testing_centers` WRITE;
/*!40000 ALTER TABLE `testing_centers` DISABLE KEYS */;
INSERT INTO `testing_centers` VALUES (1,'Trung tâm đăng kiểm xe cơ giới Đà Nẵng','25 Hoàng Văn Thái, Hoà Minh, Liên Chiểu, Đà Nẵng','2022-07-28 03:15:41','2022-07-28 03:15:41');
/*!40000 ALTER TABLE `testing_centers` ENABLE KEYS */;
UNLOCK TABLES;

--
-- Table structure for table `user_function`
--

DROP TABLE IF EXISTS `user_function`;
/*!40101 SET @saved_cs_client     = @@character_set_client */;
/*!50503 SET character_set_client = utf8mb4 */;
CREATE TABLE `user_function` (
  `id` int NOT NULL AUTO_INCREMENT,
  `function_id` int NOT NULL,
  `user_id` int NOT NULL,
  `create1` tinyint DEFAULT '0',
  `update1` tinyint DEFAULT '0',
  `delete1` tinyint DEFAULT '0',
  `read1` tinyint DEFAULT '0',
  PRIMARY KEY (`id`),
  KEY `fk_new_table_1_idx` (`function_id`),
  KEY `fk_new_table_2_idx` (`user_id`),
  CONSTRAINT `fk_new_table_2` FOREIGN KEY (`user_id`) REFERENCES `users` (`id`),
  CONSTRAINT `user_function_ibfk_1` FOREIGN KEY (`user_id`) REFERENCES `users` (`id`) ON DELETE RESTRICT ON UPDATE RESTRICT,
  CONSTRAINT `user_function_ibfk_2` FOREIGN KEY (`function_id`) REFERENCES `functions` (`id`) ON DELETE RESTRICT ON UPDATE RESTRICT
) ENGINE=InnoDB AUTO_INCREMENT=201 DEFAULT CHARSET=utf8mb4 COLLATE=utf8mb4_0900_ai_ci;
/*!40101 SET character_set_client = @saved_cs_client */;

--
-- Dumping data for table `user_function`
--

LOCK TABLES `user_function` WRITE;
/*!40000 ALTER TABLE `user_function` DISABLE KEYS */;
INSERT INTO `user_function` VALUES (1,1,6,1,1,1,1),(2,2,6,1,1,1,1),(3,3,6,1,1,1,1),(4,4,6,1,1,1,1),(5,5,6,1,1,1,1),(6,6,6,1,1,1,1),(7,7,6,1,1,1,1),(8,8,6,1,1,1,1),(9,9,6,1,1,1,1),(10,10,6,1,1,1,1),(11,1,14,1,1,1,1),(12,2,14,1,1,1,1),(13,3,14,1,1,1,1),(14,4,14,1,1,1,1),(15,5,14,1,1,1,1),(16,6,14,1,1,1,1),(17,7,14,0,0,0,1),(18,8,14,0,0,0,1),(19,9,14,0,0,0,1),(20,10,14,1,1,1,1),(21,1,15,1,1,1,1),(22,2,15,1,1,1,1),(23,3,15,1,1,1,1),(24,4,15,1,1,1,1),(25,5,15,1,1,1,1),(26,6,15,1,1,1,1),(27,7,15,1,1,1,1),(28,8,15,1,1,1,1),(29,9,15,1,1,1,1),(30,10,15,1,1,1,1),(31,1,17,0,0,0,1),(32,2,17,0,0,0,1),(33,3,17,0,0,0,1),(34,4,17,0,0,0,1),(35,5,17,0,0,0,1),(36,6,17,0,0,0,1),(37,7,17,0,0,0,1),(38,8,17,0,0,0,1),(39,9,17,0,0,0,1),(40,10,17,0,0,0,1),(41,1,18,0,1,0,1),(42,2,18,0,1,0,1),(43,3,18,0,1,0,1),(44,4,18,0,0,0,1),(45,5,18,0,0,0,1),(46,6,18,0,0,0,1),(47,7,18,0,0,0,1),(48,8,18,0,0,0,1),(49,9,18,0,0,0,1),(50,10,18,0,0,0,1),(51,1,21,1,1,1,1),(52,2,21,1,1,1,1),(53,3,21,1,1,1,1),(54,4,21,1,1,1,1),(55,5,21,1,1,1,1),(56,6,21,1,1,1,1),(57,7,21,1,1,1,1),(58,8,21,1,1,1,1),(59,9,21,1,1,1,1),(60,10,21,1,1,1,1),(61,1,28,0,0,0,1),(62,2,28,0,0,0,1),(63,3,28,0,0,0,1),(64,4,28,0,0,0,1),(65,5,28,0,0,0,1),(66,6,28,0,0,0,1),(67,7,28,0,0,0,1),(68,8,28,0,0,0,1),(69,9,28,0,0,0,1),(70,10,28,0,0,0,1),(71,1,39,0,0,0,1),(72,2,39,0,0,0,1),(73,3,39,0,0,0,1),(74,4,39,0,0,0,1),(75,5,39,0,0,0,1),(76,6,39,0,0,0,1),(77,7,39,0,0,0,1),(78,8,39,0,0,0,1),(79,9,39,0,0,0,1),(80,10,39,0,0,0,1),(81,1,59,0,0,0,1),(82,2,59,0,0,0,1),(83,3,59,0,0,0,1),(84,4,59,0,0,0,1),(85,5,59,0,0,0,1),(86,6,59,0,0,0,1),(87,7,59,0,0,0,1),(88,8,59,0,0,0,1),(89,9,59,0,0,0,1),(90,10,59,0,0,0,1),(91,1,62,0,0,0,1),(92,2,62,0,0,0,1),(93,3,62,0,0,0,1),(94,4,62,0,0,0,1),(95,5,62,0,0,0,1),(96,6,62,0,0,0,1),(97,7,62,0,0,0,1),(98,8,62,0,0,0,1),(99,9,62,0,0,0,1),(100,10,62,0,0,0,1),(101,1,64,0,0,0,1),(102,2,64,0,0,0,1),(103,3,64,0,0,0,1),(104,4,64,0,0,0,1),(105,5,64,0,0,0,1),(106,6,64,0,0,0,1),(107,7,64,0,0,0,1),(108,8,64,0,0,0,1),(109,9,64,0,0,0,1),(110,10,64,0,0,0,1),(111,1,65,0,0,0,1),(112,2,65,0,0,0,1),(113,3,65,0,0,0,1),(114,4,65,0,0,0,1),(115,5,65,0,0,0,1),(116,6,65,0,0,0,1),(117,7,65,0,0,0,1),(118,8,65,0,0,0,1),(119,9,65,0,0,0,1),(120,10,65,0,0,0,1),(121,1,66,0,0,0,1),(122,2,66,0,0,0,1),(123,3,66,0,0,0,1),(124,4,66,0,0,0,1),(125,5,66,0,0,0,1),(126,6,66,0,0,0,1),(127,7,66,0,0,0,1),(128,8,66,0,0,0,1),(129,9,66,0,0,0,1),(130,10,66,0,0,0,1),(131,1,67,0,0,0,1),(132,2,67,0,0,0,1),(133,3,67,0,0,0,1),(134,4,67,0,0,0,1),(135,5,67,0,0,0,1),(136,6,67,0,0,0,1),(137,7,67,0,0,0,1),(138,8,67,0,0,0,0),(139,9,67,0,0,0,1),(140,10,67,0,0,0,1),(141,1,68,0,0,0,1),(142,2,68,0,0,0,1),(143,3,68,0,0,0,1),(144,4,68,0,0,0,1),(145,5,68,0,0,0,1),(146,6,68,0,0,0,1),(147,7,68,0,0,0,1),(148,8,68,0,0,0,1),(149,9,68,0,0,0,1),(150,10,68,0,0,0,1),(151,1,69,0,0,0,1),(152,2,69,0,0,0,1),(153,3,69,0,0,0,1),(154,4,69,0,0,0,1),(155,5,69,0,0,0,1),(156,6,69,0,0,0,1),(157,7,69,0,0,0,1),(158,8,69,0,0,0,1),(159,9,69,0,0,0,1),(160,10,69,0,0,0,1),(161,1,70,0,0,0,1),(162,2,70,0,0,0,1),(163,3,70,0,0,0,1),(164,4,70,0,0,0,1),(165,5,70,0,0,0,1),(166,6,70,0,0,0,1),(167,7,70,0,0,0,1),(168,8,70,0,0,0,1),(169,9,70,0,0,0,1),(170,10,70,0,0,0,1),(171,1,71,0,0,0,1),(172,2,71,0,0,0,1),(173,3,71,0,0,0,1),(174,4,71,0,0,0,1),(175,5,71,0,0,0,1),(176,6,71,0,0,0,1),(177,7,71,0,0,0,1),(178,8,71,0,0,0,1),(179,9,71,0,0,0,1),(180,10,71,0,0,0,1),(181,1,72,0,0,0,1),(182,2,72,0,0,0,1),(183,3,72,0,0,0,1),(184,4,72,0,0,0,1),(185,5,72,0,0,0,1),(186,6,72,0,0,0,1),(187,7,72,0,0,0,1),(188,8,72,0,0,0,1),(189,9,72,0,0,0,1),(190,10,72,0,0,0,1),(191,1,73,0,0,0,1),(192,2,73,0,0,0,1),(193,3,73,0,0,0,1),(194,4,73,0,0,0,1),(195,5,73,0,0,0,1),(196,6,73,0,0,0,1),(197,7,73,0,0,0,1),(198,8,73,0,0,0,1),(199,9,73,0,0,0,1),(200,10,73,0,0,0,1);
/*!40000 ALTER TABLE `user_function` ENABLE KEYS */;
UNLOCK TABLES;

--
-- Table structure for table `users`
--

DROP TABLE IF EXISTS `users`;
/*!40101 SET @saved_cs_client     = @@character_set_client */;
/*!50503 SET character_set_client = utf8mb4 */;
CREATE TABLE `users` (
  `id` int NOT NULL AUTO_INCREMENT,
  `user_id_sso` varchar(45) DEFAULT NULL,
  `concurrency_stamp` varchar(45) DEFAULT NULL,
  `name` varchar(255) CHARACTER SET utf8mb4 COLLATE utf8mb4_unicode_ci NOT NULL,
  `email` varchar(255) CHARACTER SET utf8mb4 COLLATE utf8mb4_unicode_ci NOT NULL,
  `avatar` varchar(255) CHARACTER SET utf8mb4 COLLATE utf8mb4_unicode_ci DEFAULT 'http://localhost:8000/images/default.jpg',
  `phone` char(10) CHARACTER SET utf8mb4 COLLATE utf8mb4_unicode_ci NOT NULL,
  `username` varchar(45) DEFAULT NULL,
  `delete_at` timestamp NULL DEFAULT NULL,
  `isVerify` tinyint DEFAULT '0',
  `password` char(60) CHARACTER SET utf8mb4 COLLATE utf8mb4_unicode_ci NOT NULL,
  `role_id` int NOT NULL DEFAULT '1',
  `adress` varchar(45) CHARACTER SET utf8mb4 COLLATE utf8mb4_unicode_ci DEFAULT NULL,
  `status` tinyint NOT NULL DEFAULT '0',
  `have_notification` tinyint(1) NOT NULL DEFAULT '0',
  `create_at` timestamp NOT NULL DEFAULT CURRENT_TIMESTAMP,
  `update_at` timestamp NOT NULL DEFAULT CURRENT_TIMESTAMP ON UPDATE CURRENT_TIMESTAMP,
  PRIMARY KEY (`id`),
  UNIQUE KEY `username` (`username`),
  KEY `fk_users_1_idx` (`role_id`),
  CONSTRAINT `fk_users_1` FOREIGN KEY (`role_id`) REFERENCES `roles` (`id`)
) ENGINE=InnoDB AUTO_INCREMENT=74 DEFAULT CHARSET=utf8mb4 COLLATE=utf8mb4_0900_ai_ci;
/*!40101 SET character_set_client = @saved_cs_client */;

--
-- Dumping data for table `users`
--

LOCK TABLES `users` WRITE;
/*!40000 ALTER TABLE `users` DISABLE KEYS */;
INSERT INTO `users` VALUES (1,NULL,NULL,'Nguyễn Văn A','nguyenvana@gmail.com','images/8ddf463f-72df-4404-84df-6b8019f5fce8-1672813719862.jpg','0914235132',NULL,NULL,1,'$2a$12$M3q/LeYFgb5964H0pbCq.uGGAFrRyrLJvm5o7lpwX77V5CjVnhcpy',1,'Da Nang',0,1,'2022-07-27 08:16:46','2023-02-17 09:21:00'),(2,NULL,NULL,'Nguyen Van An','ngvanan@gmail.com','images/default.jpg','0987654321',NULL,NULL,0,'$2a$12$3/rMnbEf/CHuSHfYqo4ywOysi4UDSTUpaBl.VdubLo1YNgKzNHK0K',1,'25 Hoang DIeu',0,0,'2022-07-31 00:18:07','2022-08-03 14:19:04'),(3,NULL,NULL,'Nguyen Van Hung','ngvanhung@gmail.com','images/default.jpg','0987654323',NULL,NULL,0,'$2a$12$3/rMnbEf/CHuSHfYqo4ywOysi4UDSTUpaBl.VdubLo1YNgKzNHK0K',1,'30,Ly thai to , da nang',0,0,'2022-07-31 00:22:42','2022-08-03 14:19:04'),(4,NULL,NULL,'Nguyễn Thị Phương','nva@gmail.com','images/default.jpg','0987947799',NULL,NULL,1,'$2a$12$CgTBRJt38qdGYqQC2NnhIOmi8t/WS6FbPgDyKTWiuv8v6xAvz1E7O',1,'42, Bạch Đằng , tp.Đà Nẵng',1,1,'2022-08-25 04:00:07','2022-11-25 03:11:55'),(5,NULL,NULL,'Long LV','nvb@gmail.com','images/default.jpg','0905112115',NULL,NULL,1,'$2a$12$CgTBRJt38qdGYqQC2NnhIOmi8t/WS6FbPgDyKTWiuv8v6xAvz1E7O',1,'45, Bạch Đằng , tp.Đà Nẵng',1,0,'2022-08-25 04:01:12','2023-01-14 09:44:35'),(6,NULL,NULL,'Nguyen Van A','ngva@gmail.com','images/default.jpg','0123456789','ngva',NULL,0,'$2a$12$kRaj4T5iNzTF3D9fXOc8VukIqW6QNg04bVE3zBnwmJVPwyFpcpHK.',2,'42, Bạch Đằng , tp.Đà Nẵng',1,0,'2022-09-05 03:53:34','2022-11-25 04:46:10'),(13,NULL,NULL,'Nguyễn Văn Sáng','sangpro123451@gmail.com','images/c70c4153-4000-47f8-b020-0ffb5e921ab6-1664597605784.jpg','0795242610','ngvsang','2022-11-10 02:28:52',0,'$2b$10$IP9KinfBy6AJS7MohRPsguOrCZGl767y7sPRvclpueTd6K.9jxHcW',3,'',0,1,'2022-10-01 02:54:18','2022-11-22 01:41:20'),(14,NULL,NULL,'Nguyễn Thị Thanh Thủy','Hthanhtqt@gmail.com','http://localhost:8000/images/default.jpg','0355343271','ThuyBlRe',NULL,0,'$2b$10$H1c6B1OWH8z.HwR0NN9JmOrVLtXlE1KBJzGobQMfAFq9cp.VvK4hG',3,'Tổ 4 thôn Túy Loan Đông 1',0,1,'2022-10-17 04:52:02','2022-12-23 01:55:57'),(15,NULL,NULL,'Nguyễn Văn Hùng ','hungnv@greenglobal.vn','http://localhost:8000/images/default.jpg','0987654568','ngvanhung',NULL,0,'$2b$10$PaQ4HO33uFfBMJr9x3my9eeTMrQhhHIsCIo0m.EkVTFqYdFerzLCe',3,'Đà Nẵng',1,1,'2022-10-18 09:31:56','2023-08-25 09:21:00'),(17,NULL,NULL,'Tester','testng@gmail.com','http://localhost:8000/images/default.jpg','0936115114','testng',NULL,0,'$2b$10$Jo80QVc9aEKoRdn81jgjE.WvF/GR//3XeRHqBQbXHGWFibDLCAmym',3,'32 Nguyễn Khuyến, Đà Nẵng',1,1,'2022-10-21 03:06:08','2022-10-21 10:02:14'),(18,NULL,NULL,'Võ Văn Việt','Hthanhtqt121212@gmail.com','images/62308573-e445-4956-9b90-b6697b0f8283-1667352954366.png','0987456767','vvviet',NULL,0,'$2b$10$VFLsfBwCTjewRHZyBb8T1.zyMPFAnkL/34rp4NrV2Cyg2FQfgVejC',3,'Đà Nẵng',1,1,'2022-11-02 01:32:59','2022-11-22 01:39:08'),(21,'3a0845da-1d5b-8b0c-6034-0b937c47068d','a07eb3157e674e1bb8cb98cfd3ef4d34','Nguyễn Viết Sáng','sang1003.it@gmail.com','images/9bb0b2a5-7431-4164-9eeb-fbe95da74a29-1671609357332.jpg','0795242615','sang1003it',NULL,0,'$2b$10$28/9XvPZ23bOOrxroQr2v.8Z4QLq4IQkhMCIekxRV/mPAIrQHxukS',3,'',1,1,'2022-12-21 07:54:33','2023-02-09 02:10:17'),(28,'3a084ae8-176c-4523-cd5b-c651de7e06d5','d97f516da5ef43d6a618c3d200143838','Sáng Sáng ','Hthanhtqt123498@gmail.com','http://localhost:8000/images/default.jpg','0355343272','nguyenvietsang',NULL,0,'$2b$10$nL3iQz1xy6OAQwJCBU1nZeYdOaIHVHYcI/coebaAvkTzdDJAuFCqK',3,'Đà Nẵng',0,1,'2022-12-22 07:28:24','2023-01-12 08:27:19'),(39,'3a084ae9-b62a-eb79-7d01-0cf796cd9500','218005364c8d49b0b3ae4f2bf2ca6f79','Sáng Sáng ','Hthanhtqt1234948@gmail.com','http://localhost:8000/images/default.jpg','0356343272','nguyenvietsangPSCD',NULL,0,'$2b$10$pVEGYNk74/uVkWQKSVH02.FhXk8LUTR.PU9bG1VSZzAghembmzx5.',3,'Đà Nẵng',0,1,'2022-12-22 07:29:44','2023-01-12 08:26:56'),(59,'3a084aeb-11bb-a771-8469-2a5b6595403c','5d5b131d6fc74571b7b7979235bbb12e','Sáng Sáng ','Hthanhtqtbndgbg@gmail.com','http://localhost:8000/images/default.jpg','0354658723','nguyenvietsangPSCDtttt','2023-01-12 08:07:06',0,'$2b$10$uX7cpeswUQgjPROW4UOAg.MF7uapeBrz1zwvFqDHAWRtof2ZfEPlG',3,'Đà Nẵng',0,1,'2022-12-22 07:31:09','2023-01-12 08:07:06'),(62,'3a088dbb-03bf-a535-e57b-6d7edc87b02d','43315b8e47f14bd89ec54b6572696d88','Nguyễn Văn Hùng Green Global','hungnv@greenglobal.vn','http://localhost:8000/images/default.jpg','0356643272','NgVanHungGrennGlobal','2023-01-04 07:13:15',0,'$2b$10$4D1/k0.RoST4BNLRfmYj/OSlCZffOHgUWeDnz8LE2NwyGvW7HJHFW',3,'Đà Nẵng',0,1,'2023-01-04 06:53:13','2023-01-04 09:21:00'),(64,'3a088dee-beab-7261-94cf-7746c65b90fc','5ae0ab291ef746bfb26007d044fc10f8','Thanh djsf','Hthanhtqt123000@gmail.com','http://localhost:8000/images/default.jpg','0350087667','thuythanh',NULL,0,'$2b$10$zLHj3i3FpfINbdQk9Mu/0OTnOcRSc.xdUaBSF4tbln50RE.znHpde',3,'Đà Nẵng',0,1,'2023-01-04 07:49:43','2023-01-12 08:24:00'),(65,'3a088e05-05b6-57b5-be09-026d24f9eadc','11d7e62c09fe47ef8f26f014052c3dfe','Lê Nguyễn Lan Anh','anhnln@greenglobal.vn','http://localhost:8000/images/default.jpg','0368579183','anhlnl',NULL,0,'$2b$10$sTIsvJQGVzabtkd0RHIps.r6bO9iRC7p3KWRoSUxiFsmOF7ucIz6y',3,'586 Nguyễn Hữu Thọ',0,1,'2023-01-04 08:14:03','2023-01-12 08:55:23'),(66,'3a088e4f-55e9-0635-43e5-302f2ed2d38a','e5f014be6ed0410abc117a2b33d92394','Trinh tester','trinhpscd@gmail.com','http://localhost:8000/images/default.jpg','0355343444','Trinh123',NULL,0,'$2b$10$D5L7vBArPPNgSCZjlg02uevXmIQ4/8YDgkWG5YLc/UKAhydB.qwLO',3,'Đà Nẵng',0,1,'2023-01-04 09:35:13','2023-01-12 08:23:49'),(67,'3a08b60e-c6cb-158c-5c17-0e4825ee9fda','9b1f72089fa24ed3ab8da081a54a4d06','dungng','vitraco@vitraco.vip','http://localhost:8000/images/default.jpg','0973954051','dungng',NULL,0,'$2b$10$W5XJpWBKRoFonaaF6R3MZ.lKcicoN.mGjDO8DzfGbPm2yjCii9kvW',3,'394B ',1,1,'2023-01-12 02:49:32','2023-01-12 09:21:00'),(68,'3a08b734-79c4-88b7-e50d-6547df47d1eb','efe0ff5272814d0898b3cfbed4854a19','Nguyen Van Test','chothuexevipdanang@gmail.com','http://localhost:8000/images/default.jpg','0901152415','nvtest',NULL,0,'$2b$10$s1HjMDlZqDaROf5.hrFZR.u9pt4/GQVPoHn9W7ywaJV0tY4OJWnmW',3,'394B sssss',1,1,'2023-01-12 08:10:20','2023-01-12 09:21:00'),(69,'3a08b737-7f3b-ca0b-9861-90343d93b840','df766e2a3f7b4645bf90aef5fe449ae5','Vitraco Cty','chothuexevipdanang@gmail.com','http://localhost:8000/images/default.jpg','0901152415','nvtest_12','2023-01-12 08:14:55',0,'$2b$10$I7LW0zGcK9yjN4j6yF5bUOnG8hzF5Fkk0bWf./8W6Xwlr7hKxYC5e',3,'394B sssss',0,1,'2023-01-12 08:13:37','2023-01-12 09:21:00'),(70,'3a08b73a-85c4-a3d1-d46b-1e36fb5f69de','552b23b9a8214cf1be9b1d87ed5e2e2c','Vitraco','pdanang@gmail.com','http://localhost:8000/images/default.jpg','0973954051','test123_abc','2023-01-12 08:17:58',0,'$2b$10$fYpF2LtUP/UNZGKXj77RJ.x9cqRCPYgKntuKxisquGfarqcztWZKm',3,'394B ',0,1,'2023-01-12 08:16:58','2023-01-12 09:21:00'),(71,'3a08b73d-94ff-c2a7-07a8-5c1837f95529','c9ad3e47a3284ea8832e323d80f7915f','VITRACO20222','sssvmv@gmail.com','http://localhost:8000/images/default.jpg','0973954059','test_abc_1','2023-01-12 08:20:52',0,'$2b$10$ZogWtYUjWjFzYYLHW0fNMeKjUODO.zjzWlNcW4pNWQvNzim9IEena',3,'487B Dien bien phu',0,1,'2023-01-12 08:20:17','2023-01-12 09:21:00'),(72,'3a08b73f-c9bc-5f74-39de-cbff4e463ee2','eb10f126604b4f6e8a4b731ead33b894','vitraco123','abc@gmail.com','http://localhost:8000/images/default.jpg','0975123654','vitraco123','2023-01-12 08:23:19',0,'$2b$10$28Gq09ruWWD31UzC1rxX5ebTvxaBEZ4hB5e6G0G5SAUMd3RF1zv82',3,'SBSBSB',0,1,'2023-01-12 08:22:41','2023-01-12 09:21:00'),(73,'3a0945d8-70f2-811d-82af-7c0c6859ba90','071155692dcc47f2a51cf998f61ac149','Nguyễn Văn Hùng','ngvhung@gmail.com','http://localhost:8000/images/default.jpg','0795242616','nguyenvanhung',NULL,0,'$2b$10$xfV6vHbDBrC1LGCbsWIABuGp2lV399kbqqh7aKTtEMlmN84Sh/m0a',3,'',1,1,'2023-02-09 00:55:33','2023-02-09 02:10:17');
/*!40000 ALTER TABLE `users` ENABLE KEYS */;
UNLOCK TABLES;

--
-- Table structure for table `vehicle_categories`
--

DROP TABLE IF EXISTS `vehicle_categories`;
/*!40101 SET @saved_cs_client     = @@character_set_client */;
/*!50503 SET character_set_client = utf8mb4 */;
CREATE TABLE `vehicle_categories` (
  `id` int NOT NULL AUTO_INCREMENT,
  `name` varchar(512) CHARACTER SET utf8mb4 COLLATE utf8mb4_unicode_ci NOT NULL,
  `tariff` int NOT NULL,
  `license_fee` int NOT NULL,
  `delete_at` timestamp NULL DEFAULT NULL,
  PRIMARY KEY (`id`)
) ENGINE=InnoDB AUTO_INCREMENT=31 DEFAULT CHARSET=utf8mb4 COLLATE=utf8mb4_0900_ai_ci;
/*!40101 SET character_set_client = @saved_cs_client */;

--
-- Dumping data for table `vehicle_categories`
--

LOCK TABLES `vehicle_categories` WRITE;
/*!40000 ALTER TABLE `vehicle_categories` DISABLE KEYS */;
INSERT INTO `vehicle_categories` VALUES (3,'Xe ô tô tải có khối lượng hàng chuyên chở cho phép tham gia giao thông trên 20 tấn, xe ô tô đầu kéo có khối lượng kéo theo cho phép tham gia giao thông trên 20 tấn và các loại xe ô tô chuyên dùng. Xe ô tô tải có khối lượng hàng chuyên chở cho phép tham gia giao thông trên 20 tấn, xe ô tô đầu kéo có khối lượng kéo theo cho phép tham gia giao thông trên 20 tấn và các loại xe ô tô chuyên dùng A',560000,50000,NULL),(4,'Xe ô tô tải có khối lượng hàng chuyên chở cho phép tham gia giao thông trên 7 tấn đến 20 tấn, xe ô tô đầu kéo có khối lượng kéo theo cho phép tham gia giao thông đến 20 tấn và các loại máy kéo',350000,50000,NULL),(5,'Xe ô tô tải có khối lượng hàng chuyên chở cho phép tham gia giao thông trên 2 tấn đến 7 tấn',320000,50000,NULL),(6,'Xe ô tô tải có khối lượng hàng chuyên chở cho phép tham gia giao thông đến 2 tấn',280000,50000,NULL),(7,'Máy kéo, xe chở hàng bốn bánh có gắn động cơ, xe chở người bốn bánh có gắn động cơ và các loại phương tiện vận chuyển tương tự',180000,50000,NULL),(8,'Rơ moóc, sơ mi rơ moóc',180000,50000,NULL),(9,'Xe ô tô chở người trên 40 ghế (kể cả lái xe), xe buýt',350000,50000,NULL),(10,'Xe ô tô chở người từ 25 đến 40 ghế (kể cả lái xe)',320000,50000,NULL),(11,'Xe ô tô chở người từ 10 ghế đến 24 ghế (kể cả lái xe)',280000,50000,NULL),(12,'Xe ô tô chở người dưới 10 chỗ ngồi (không bao gồm xe ô tô cứu thương)',240000,100000,NULL),(13,'Xe cứu thương',240000,50000,NULL),(14,'Xe ba bánh và các loại phương tiện vận chuyển tương tự',100000,50000,NULL),(15,'Xe chở người dưới 40',500000,300000,NULL),(17,'Xe ô tô tải có khối lượng hàng chuyên chở cho phép tham gia giao thông trên 20 tấn, xe ô tô đầu kéo có khối lượng kéo theo cho phép tham gia giao thông trên 20 tấn và các loại xe ô tô chuyên dùng. Xe ô tô tải có khối lượng hàng chuyên chở cho phép tham gia giao thông trên 20 tấn, xe ô tô đầu kéo có khối lượng kéo theo cho phép tham gia giao thông trên 20 tấn và các loại xe ô tô chuyên dùng A',560000,50000,NULL),(18,'Xe ô tô tải có khối lượng hàng chuyên chở cho phép tham gia giao thông trên 7 tấn đến 20 tấn, xe ô tô đầu kéo có khối lượng kéo theo cho phép tham gia giao thông đến 20 tấn và các loại máy kéo',350000,50000,NULL),(19,'Xe ô tô tải có khối lượng hàng chuyên chở cho phép tham gia giao thông trên 2 tấn đến 7 tấn',320000,50000,NULL),(20,'Xe ô tô tải có khối lượng hàng chuyên chở cho phép tham gia giao thông đến 2 tấn',280000,50000,NULL),(21,'Máy kéo, xe chở hàng bốn bánh có gắn động cơ, xe chở người bốn bánh có gắn động cơ và các loại phương tiện vận chuyển tương tự',180000,50000,NULL),(22,'Rơ moóc, sơ mi rơ moóc',180000,50000,NULL),(23,'Xe ô tô chở người trên 40 ghế (kể cả lái xe), xe buýt',350000,50000,NULL),(24,'Xe ô tô chở người từ 25 đến 40 ghế (kể cả lái xe)',320000,50000,NULL),(25,'Xe ô tô chở người từ 10 ghế đến 24 ghế (kể cả lái xe)',280000,50000,NULL),(26,'Xe ô tô chở người dưới 10 chỗ ngồi (không bao gồm xe ô tô cứu thương)',240000,100000,NULL),(27,'Xe cứu thương',240000,50000,NULL),(28,'Xe ba bánh và các loại phương tiện vận chuyển tương tự',100000,50000,NULL),(29,'Xe chở người dưới 40',500000,300000,NULL);
/*!40000 ALTER TABLE `vehicle_categories` ENABLE KEYS */;
UNLOCK TABLES;

--
-- Table structure for table `vehicle_types`
--

DROP TABLE IF EXISTS `vehicle_types`;
/*!40101 SET @saved_cs_client     = @@character_set_client */;
/*!50503 SET character_set_client = utf8mb4 */;
CREATE TABLE `vehicle_types` (
  `id` int NOT NULL AUTO_INCREMENT,
  `name` varchar(225) CHARACTER SET utf8mb4 COLLATE utf8mb4_unicode_ci NOT NULL,
  `vehicle_category_id` int NOT NULL,
  `road_fee` int NOT NULL,
  `create_at` timestamp NULL DEFAULT CURRENT_TIMESTAMP,
  `update_at` timestamp NULL DEFAULT CURRENT_TIMESTAMP ON UPDATE CURRENT_TIMESTAMP,
  PRIMARY KEY (`id`),
  KEY `fk_vehicle_types_1_idx` (`vehicle_category_id`),
  CONSTRAINT `fk_vehicle_types_1` FOREIGN KEY (`vehicle_category_id`) REFERENCES `vehicle_categories` (`id`)
) ENGINE=InnoDB AUTO_INCREMENT=50 DEFAULT CHARSET=utf8mb4 COLLATE=utf8mb4_0900_ai_ci;
/*!40101 SET character_set_client = @saved_cs_client */;

--
-- Dumping data for table `vehicle_types`
--

LOCK TABLES `vehicle_types` WRITE;
/*!40000 ALTER TABLE `vehicle_types` DISABLE KEYS */;
INSERT INTO `vehicle_types` VALUES (7,'Xe chở người dưới 10 chỗ đăng ký tên công ty, tổ chức',12,180000,'2022-08-23 01:47:49','2022-08-23 01:47:49'),(8,'Xe chở người dưới 10 chỗ đăng ký tên cá nhân, hộ kinh doanh',12,130000,'2022-08-23 01:48:50','2022-08-23 01:48:50'),(9,'Xe tải, xe ô tô chuyên dùng có khối lượng toàn bộ dưới 4.000 kg',5,180000,'2022-08-23 01:49:59','2022-08-23 01:49:59'),(10,'Xe tải, xe ô tô chuyên dùng có khối lượng toàn bộ dưới 4.000 kg',6,180000,'2022-08-23 01:50:34','2022-08-23 01:50:34'),(11,'Các loại xe buýt vận tải hành khách công cộng (bao gồm cả xe đưa đón học sinh, sinh viên, công nhân được hưởng chính sách trợ giá như xe buýt',9,180000,'2022-08-23 01:51:23','2022-08-23 01:51:23'),(12,'Các loại xe buýt vận tải hành khách công cộng (bao gồm cả xe đưa đón học sinh, sinh viên, công nhân được hưởng chính sách trợ giá như xe buýt',10,180000,'2022-08-23 01:51:50','2022-08-23 01:51:50'),(13,'Các loại xe buýt vận tải hành khách công cộng (bao gồm cả xe đưa đón học sinh, sinh viên, công nhân được hưởng chính sách trợ giá như xe buýt',11,180000,'2022-08-23 01:51:59','2022-08-23 01:51:59'),(14,'Các loại xe buýt vận tải hành khách công cộng (bao gồm cả xe đưa đón học sinh, sinh viên, công nhân được hưởng chính sách trợ giá như xe buýt',12,180000,'2022-08-23 01:52:11','2022-08-23 01:52:11'),(15,'Xe chở hàng và xe chở người 4 bánh có gắn động cơ',7,180000,'2022-08-23 01:52:38','2022-08-23 01:52:38'),(16,' Xe chở người từ 10 chỗ đến dưới 25 chỗ',11,270000,'2022-08-23 01:55:10','2022-08-23 01:55:10'),(17,'Xe tải, xe ô tô chuyên dùng có khối lượng toàn bộ từ 4.000 kg đến dưới 8.500 kg',4,270000,'2022-08-23 01:55:55','2022-08-23 01:55:55'),(18,'Xe tải, xe ô tô chuyên dùng có khối lượng toàn bộ từ 4.000 kg đến dưới 8.500 kg',5,270000,'2022-08-23 01:56:10','2022-08-23 01:56:10'),(19,' Xe chở người từ 25 chỗ đến dưới 40 chỗ',10,390000,'2022-08-23 02:08:05','2022-08-23 02:08:05'),(20,'Xe tải, xe ô tô chuyên dùng có khối lượng toàn bộ từ 8.500 kg đến dưới 13.000 kg',4,390000,'2022-08-23 02:08:42','2022-08-23 02:08:42'),(21,' Xe chở người từ 40 chỗ trở lên',9,590000,'2022-08-23 02:09:17','2022-08-23 02:09:17'),(22,'Xe tải, xe ô tô chuyên dùng có khối lượng toàn bộ từ 13.000 kg đến dưới 19.000 kg',4,590000,'2022-08-23 02:09:49','2022-08-23 02:09:49'),(23,'Xe đầu kéo có khối lượng bản thân cộng với khối lượng cho phép kéo theo đến dưới 19.000',4,590000,'2022-08-23 02:10:46','2022-08-23 02:10:46'),(24,'Xe tải, xe ô tô chuyên dùng có khối lượng toàn bộ từ 19.000 kg đến dưới 27.000 kg',4,720000,'2022-08-23 02:11:31','2022-08-23 02:11:31'),(25,'Xe tải, xe ô tô chuyên dùng có khối lượng toàn bộ từ 19.000 kg đến dưới 27.000 kg',3,720000,'2022-08-23 02:11:49','2022-08-23 02:11:49'),(26,'Xe đầu kéo có khối lượng bản thân cộng với khối lượng cho phép kéo theo từ 19.000 đến dưới 27.000',4,720000,'2022-08-23 02:12:35','2022-08-23 02:12:35'),(27,'Xe đầu kéo có khối lượng bản thân cộng với khối lượng cho phép kéo theo từ 19.000 đến dưới 27.000',3,720000,'2022-08-23 02:12:46','2022-08-23 02:12:46'),(28,'Xe tải, xe ô tô chuyên dùng có khối lượng toàn bộ từ 27.000 kg trở lên',3,1040000,'2022-08-23 02:13:32','2022-08-23 02:13:32'),(29,'Xe đầu kéo có khối lượng bản thân cộng với khối lượng cho phép kéo theo từ 27.000 kg đến dưới 40.000 kg',3,1040000,'2022-08-23 02:14:09','2022-08-23 02:14:09'),(30,'Xe ô tô đầu kéo có khối lượng bản thân cộng với khối lượng cho phép kéo theo từ 40.000 kg trở lên',3,1430000,'2022-08-23 02:15:13','2022-08-23 02:15:13'),(32,'Xe ô tô tải quân sự',3,1500000,'2022-08-23 02:16:44','2022-08-23 02:16:44'),(33,'Xe ô tô tải quân sự',4,1500000,'2022-08-23 02:16:54','2022-08-23 02:16:54'),(34,'Xe ô tô tải quân sự',5,1500000,'2022-08-23 02:17:03','2022-08-23 02:17:03'),(35,'Xe ô tô tải quân sự',5,1500000,'2022-08-23 02:17:12','2022-08-23 02:17:12'),(36,'Xe ô tô dưới 7 chỗ ngồi bộ công an',12,1000000,'2022-08-23 02:20:39','2022-08-23 02:20:39'),(37,'Xe ô tô từ 7 chỗ ngồi trở lên, xe khách, xe vận tải, xe ô tô chuyên dùng',12,1500000,'2022-08-23 02:21:25','2022-08-23 02:21:25'),(38,'Xe ô tô từ 7 chỗ ngồi trở lên, xe khách, xe vận tải, xe ô tô chuyên dùng',11,1500000,'2022-08-23 02:25:11','2022-08-23 02:25:11'),(39,'Xe ô tô từ 7 chỗ ngồi trở lên, xe khách, xe vận tải, xe ô tô chuyên dùng',10,1500000,'2022-08-23 02:25:19','2022-08-23 02:25:19'),(40,'Xe ô tô từ 7 chỗ ngồi trở lên, xe khách, xe vận tải, xe ô tô chuyên dùng',9,1500000,'2022-08-23 02:25:31','2022-08-23 02:25:31'),(41,'Xe ô tô từ 7 chỗ ngồi trở lên, xe khách, xe vận tải, xe ô tô chuyên dùng',3,1500000,'2022-08-23 02:25:42','2022-08-23 02:25:42'),(42,'Xe ô tô từ 7 chỗ ngồi trở lên, xe khách, xe vận tải, xe ô tô chuyên dùng',4,1500000,'2022-08-23 02:25:52','2022-08-23 02:25:52'),(43,'Xe ô tô từ 7 chỗ ngồi trở lên, xe khách, xe vận tải, xe ô tô chuyên dùng',5,1500000,'2022-08-23 02:26:01','2022-08-23 02:26:01'),(44,'Xe ô tô từ 7 chỗ ngồi trở lên, xe khách, xe vận tải, xe ô tô chuyên dùng',6,1500000,'2022-08-23 02:26:12','2022-08-23 02:26:12'),(45,'Xe ô tô con quân sự',12,1000000,'2022-08-23 09:49:14','2022-08-23 09:49:14'),(46,'Xe tải, xe ô tô chuyên dùng có khối lượng toàn bộ từ 4.000 kg đến dưới 8.500 kg',6,270000,'2022-08-25 03:13:30','2022-08-25 03:14:35'),(47,'test',13,700000,'2022-09-06 07:29:20','2022-09-06 07:29:20');
/*!40000 ALTER TABLE `vehicle_types` ENABLE KEYS */;
UNLOCK TABLES;
/*!40103 SET TIME_ZONE=@OLD_TIME_ZONE */;

/*!40101 SET SQL_MODE=@OLD_SQL_MODE */;
/*!40014 SET FOREIGN_KEY_CHECKS=@OLD_FOREIGN_KEY_CHECKS */;
/*!40014 SET UNIQUE_CHECKS=@OLD_UNIQUE_CHECKS */;
/*!40101 SET CHARACTER_SET_CLIENT=@OLD_CHARACTER_SET_CLIENT */;
/*!40101 SET CHARACTER_SET_RESULTS=@OLD_CHARACTER_SET_RESULTS */;
/*!40101 SET COLLATION_CONNECTION=@OLD_COLLATION_CONNECTION */;
/*!40111 SET SQL_NOTES=@OLD_SQL_NOTES */;

-- Dump completed on 2023-08-28  4:55:34
